OrderID,ProductID,Category,ProductName,Quantity,Price,TotalAmount,OrderDate,CustomerID,PaymentMethod,SalesChannel,IsReturned
1,272,Electronics,Product_272,3,54.21,162.63,2022-04-21 01:48:37,26,Credit Card,In-Store,1
2,147,Electronics,Product_147,3,163.68,491.04,2022-02-26 03:09:32,38,Cash,Website,1
3,217,Fashion,Product_217,5,205.01,1025.05,2022-07-24 07:00:57,271,Cash,Website,0
4,292,Electronics,Product_292,4,163.13,652.52,2022-01-09 09:49:05,414,Cash,Website,1
5,423,Fashion,Product_423,3,608.73,1826.19,2022-05-19 09:38:52,368,Cash,Mobile App,1
6,351,Electronics,Product_351,2,437.99,875.98,2022-08-18 19:33:38,392,Cash,In-Store,0
7,295,Electronics,Product_295,3,540.75,1622.25,2022-02-27 06:16:31,315,Credit Card,Mobile App,0
8,459,Fashion,Product_459,5,659.96,3299.8,2022-02-07 01:43:43,412,PayPal,In-Store,1
9,109,Home & Garden,Product_109,4,200.0,800.0,2022-04-02 17:13:32,413,Cash,Website,1
10,311,Fashion,Product_311,4,274.22,1096.88,2022-04-28 02:59:51,343,Cash,Website,0
11,377,Fashion,Product_377,3,572.52,1717.56,2022-06-17 21:14:13,69,Cash,Website,0
12,342,Home & Garden,Product_342,3,326.35,979.0500000000001,2022-01-18 16:15:32,452,Cash,Mobile App,0
13,392,Electronics,Product_392,2,42.83,85.66,2022-01-07 10:46:31,281,Credit Card,In-Store,1
14,187,Fashion,Product_187,4,359.27,1437.08,2022-06-22 20:12:29,232,Cash,In-Store,0
15,170,Fashion,Product_170,4,728.45,2913.8,2022-02-01 11:54:39,155,PayPal,In-Store,0
16,188,Fashion,Product_188,4,339.04,1356.16,2022-03-27 01:36:38,251,PayPal,Mobile App,0
17,496,Electronics,Product_496,1,279.15,279.15,2022-04-26 08:27:40,138,Cash,In-Store,1
18,414,Electronics,Product_414,4,791.83,3167.32,2022-05-02 23:43:36,444,Cash,In-Store,1
19,293,Home & Garden,Product_293,4,522.64,2090.56,2022-06-18 13:19:02,362,Cash,Mobile App,1
20,139,Fashion,Product_139,2,305.48,610.96,2022-04-13 19:10:26,245,PayPal,Mobile App,1
21,187,Home & Garden,Product_187,2,99.58,199.16,2022-08-05 10:21:16,184,Credit Card,In-Store,1
22,274,Home & Garden,Product_274,5,634.52,3172.6,2022-03-01 19:00:52,328,Credit Card,In-Store,0
23,188,Fashion,Product_188,2,572.3,1144.6,2022-07-18 07:00:48,85,Credit Card,Mobile App,1
24,437,Fashion,Product_437,4,739.09,2956.36,2022-03-08 13:22:57,396,PayPal,Mobile App,1
25,265,Home & Garden,Product_265,4,189.47,757.88,2022-05-28 21:17:36,199,PayPal,Mobile App,0
26,125,Electronics,Product_125,4,109.64,438.56,2022-07-22 10:14:45,349,Credit Card,Mobile App,0
27,433,Home & Garden,Product_433,2,584.78,1169.56,2022-07-30 13:27:14,366,Cash,Mobile App,1
28,172,Electronics,Product_172,3,178.65,535.95,2022-06-27 05:24:40,259,Cash,Mobile App,0
29,365,Electronics,Product_365,1,157.36,157.36,2022-06-08 00:17:14,168,Credit Card,Website,1
30,215,Home & Garden,Product_215,5,269.45,1347.25,2022-07-03 02:08:32,58,Credit Card,In-Store,0
31,343,Fashion,Product_343,3,657.12,1971.3600000000001,2022-05-02 03:21:31,251,PayPal,In-Store,1
32,297,Home & Garden,Product_297,1,440.84,440.84,2022-04-05 17:59:01,412,PayPal,In-Store,0
33,435,Home & Garden,Product_435,2,55.76,111.52,2022-04-10 12:53:26,416,PayPal,Mobile App,0
34,438,Electronics,Product_438,5,381.84,1909.1999999999998,2022-07-19 22:36:26,420,Credit Card,Website,1
35,199,Home & Garden,Product_199,5,553.5,2767.5,2022-01-04 02:26:35,141,Credit Card,In-Store,0
36,277,Fashion,Product_277,2,439.93,879.86,2022-01-03 01:13:17,321,Cash,Website,0
37,343,Home & Garden,Product_343,3,466.51,1399.53,2022-05-29 02:41:29,256,PayPal,Website,1
38,385,Home & Garden,Product_385,1,195.33,195.33,2022-05-07 16:54:37,152,Cash,Mobile App,1
39,247,Electronics,Product_247,4,681.24,2724.96,2022-05-22 22:17:40,134,Cash,In-Store,0
40,247,Fashion,Product_247,4,457.89,1831.56,2022-01-28 05:31:04,184,Cash,Website,1
41,498,Fashion,Product_498,1,576.33,576.33,2022-04-18 21:45:11,193,PayPal,Mobile App,1
42,388,Electronics,Product_388,4,785.85,3143.4,2022-08-15 04:57:49,292,Credit Card,In-Store,1
43,365,Fashion,Product_365,3,353.99,1061.97,2022-03-14 19:41:24,384,PayPal,Mobile App,0
44,285,Fashion,Product_285,2,707.23,1414.46,2022-08-17 21:36:33,11,PayPal,Website,1
45,227,Home & Garden,Product_227,4,25.68,102.72,2022-06-29 14:20:00,158,PayPal,In-Store,0
46,132,Electronics,Product_132,2,46.06,92.12,2022-06-29 14:53:57,320,Cash,In-Store,0
47,131,Fashion,Product_131,4,480.42,1921.68,2022-01-31 07:25:47,466,Cash,In-Store,0
48,302,Electronics,Product_302,4,262.93,1051.72,2022-07-10 06:57:35,305,Cash,In-Store,0
49,344,Home & Garden,Product_344,5,213.66,1068.3,2022-04-13 11:35:36,489,Credit Card,In-Store,1
50,251,Fashion,Product_251,4,236.79,947.16,2022-06-28 09:10:57,211,Credit Card,Mobile App,1
51,263,Electronics,Product_263,5,268.35,1341.75,2022-04-26 21:23:02,60,Credit Card,In-Store,0
52,470,Fashion,Product_470,1,588.58,588.58,2022-08-08 10:20:15,117,Credit Card,Mobile App,1
53,283,Electronics,Product_283,4,463.97,1855.88,2022-04-10 06:26:10,176,PayPal,In-Store,0
54,128,Home & Garden,Product_128,4,635.45,2541.8,2022-03-25 11:45:46,446,Cash,Website,1
55,390,Home & Garden,Product_390,4,667.55,2670.2,2022-04-12 11:27:23,139,Cash,Mobile App,0
56,228,Fashion,Product_228,5,677.49,3387.45,2022-03-11 05:38:24,148,PayPal,Website,0
57,228,Fashion,Product_228,4,343.42,1373.68,2022-06-24 04:13:11,230,PayPal,Mobile App,0
58,153,Electronics,Product_153,3,348.59,1045.77,2022-05-18 04:59:51,78,Cash,In-Store,1
59,489,Fashion,Product_489,1,742.49,742.49,2022-07-05 13:16:29,186,Cash,In-Store,0
60,138,Home & Garden,Product_138,2,536.18,1072.36,2022-05-13 00:02:28,452,Credit Card,Mobile App,1
61,344,Home & Garden,Product_344,2,82.76,165.52,2022-07-14 11:38:40,37,Credit Card,In-Store,1
62,373,Home & Garden,Product_373,5,442.91,2214.55,2022-07-30 18:44:23,4,PayPal,Mobile App,1
63,435,Fashion,Product_435,1,297.69,297.69,2022-01-06 08:42:01,420,Cash,Mobile App,1
64,488,Electronics,Product_488,1,790.2,790.2,2022-07-16 02:04:08,456,Cash,In-Store,1
65,205,Home & Garden,Product_205,2,30.65,61.3,2022-01-17 07:26:57,247,Credit Card,In-Store,0
66,142,Home & Garden,Product_142,5,497.5,2487.5,2022-07-08 23:33:18,331,Credit Card,In-Store,0
67,131,Fashion,Product_131,3,584.43,1753.29,2022-02-04 06:04:14,85,Cash,Mobile App,0
68,476,Fashion,Product_476,1,245.35,245.35,2022-05-18 22:28:50,349,PayPal,Website,1
69,357,Fashion,Product_357,2,779.44,1558.88,2022-06-22 07:18:58,73,Credit Card,Mobile App,0
70,421,Fashion,Product_421,3,690.44,2071.32,2022-07-02 14:58:25,9,Cash,Mobile App,1
71,157,Electronics,Product_157,3,734.21,2202.63,2022-01-24 20:40:37,466,PayPal,In-Store,0
72,391,Fashion,Product_391,3,35.0,105.0,2022-07-28 19:52:31,466,Cash,In-Store,1
73,458,Electronics,Product_458,4,464.5,1858.0,2022-02-17 11:41:55,381,Cash,In-Store,1
74,219,Electronics,Product_219,3,249.83,749.49,2022-04-27 18:26:33,198,Cash,Website,0
75,367,Home & Garden,Product_367,3,682.24,2046.72,2022-07-02 22:09:25,480,PayPal,Website,0
76,182,Home & Garden,Product_182,2,513.62,1027.24,2022-06-11 04:38:19,222,PayPal,Mobile App,1
77,191,Fashion,Product_191,5,440.32,2201.6,2022-05-08 10:31:34,444,Cash,Mobile App,1
78,484,Home & Garden,Product_484,4,109.38,437.52,2022-03-21 20:29:49,209,Cash,Mobile App,1
79,498,Electronics,Product_498,2,441.37,882.74,2022-02-11 23:08:03,442,PayPal,Website,1
80,199,Fashion,Product_199,2,512.89,1025.78,2022-07-13 15:32:38,373,Cash,Website,1
81,153,Fashion,Product_153,3,765.61,2296.83,2022-07-26 06:54:15,343,Cash,Mobile App,0
82,496,Fashion,Product_496,4,476.34,1905.36,2022-08-13 07:08:05,228,PayPal,Mobile App,1
83,221,Fashion,Product_221,5,774.57,3872.8500000000004,2022-05-03 14:35:40,51,Credit Card,In-Store,0
84,184,Home & Garden,Product_184,5,770.05,3850.25,2022-04-06 09:27:38,356,PayPal,Website,1
85,303,Fashion,Product_303,2,527.16,1054.32,2022-03-27 13:19:10,81,Credit Card,Mobile App,1
86,424,Electronics,Product_424,4,414.61,1658.44,2022-04-20 17:39:56,118,Credit Card,Mobile App,1
87,362,Fashion,Product_362,2,383.5,767.0,2022-02-18 05:44:25,412,PayPal,Website,0
88,147,Home & Garden,Product_147,2,714.5,1429.0,2022-03-01 12:23:03,97,Credit Card,In-Store,1
89,227,Electronics,Product_227,5,42.04,210.2,2022-06-14 12:00:53,304,Cash,In-Store,1
90,231,Home & Garden,Product_231,5,108.77,543.85,2022-03-16 00:18:59,451,PayPal,Website,1
91,456,Home & Garden,Product_456,2,99.62,199.24,2022-08-09 20:10:50,12,Credit Card,Mobile App,0
92,280,Home & Garden,Product_280,5,610.41,3052.0499999999997,2022-03-20 12:49:30,83,Credit Card,Website,0
93,434,Home & Garden,Product_434,5,284.93,1424.65,2022-06-27 19:55:06,217,PayPal,Mobile App,1
94,243,Fashion,Product_243,3,517.62,1552.8600000000001,2022-03-17 19:04:14,25,PayPal,Website,0
95,248,Home & Garden,Product_248,3,490.95,1472.85,2022-01-20 23:10:44,129,Cash,In-Store,1
96,327,Fashion,Product_327,1,320.95,320.95,2022-06-10 14:32:48,110,Credit Card,Mobile App,0
97,379,Fashion,Product_379,1,434.62,434.62,2022-06-11 21:24:17,445,PayPal,Mobile App,1
98,307,Home & Garden,Product_307,2,523.21,1046.42,2022-04-21 17:54:27,201,Credit Card,In-Store,0
99,497,Electronics,Product_497,2,753.94,1507.88,2022-03-30 14:01:50,88,Credit Card,In-Store,1
100,473,Home & Garden,Product_473,2,468.99,937.98,2022-04-30 14:16:31,2,Credit Card,In-Store,0
101,441,Home & Garden,Product_441,2,499.21,998.42,2022-01-05 14:07:31,252,PayPal,Mobile App,0
102,148,Fashion,Product_148,5,72.93,364.65000000000003,2022-02-25 11:48:24,350,Cash,In-Store,1
103,405,Fashion,Product_405,1,762.73,762.73,2022-08-28 18:45:12,48,Credit Card,In-Store,1
104,169,Fashion,Product_169,2,431.9,863.8,2022-07-07 00:04:03,103,PayPal,Mobile App,1
105,269,Fashion,Product_269,3,644.99,1934.97,2022-06-13 04:54:00,231,Credit Card,In-Store,1
106,263,Home & Garden,Product_263,5,59.23,296.15,2022-02-25 06:41:49,237,Cash,Website,1
107,195,Electronics,Product_195,1,348.31,348.31,2022-03-15 06:40:13,499,Credit Card,Website,0
108,297,Electronics,Product_297,5,220.44,1102.2,2022-05-07 15:54:37,435,Cash,Website,1
109,194,Electronics,Product_194,4,228.24,912.96,2022-02-21 09:09:00,466,PayPal,In-Store,0
110,356,Electronics,Product_356,2,637.33,1274.66,2022-06-02 21:11:12,212,PayPal,Mobile App,1
111,469,Fashion,Product_469,3,506.62,1519.8600000000001,2022-02-14 14:58:21,126,PayPal,In-Store,1
112,278,Home & Garden,Product_278,1,363.0,363.0,2022-08-17 13:57:14,218,Credit Card,Website,1
113,392,Fashion,Product_392,5,28.26,141.3,2022-02-24 18:46:20,127,Cash,In-Store,1
114,404,Fashion,Product_404,1,772.64,772.64,2022-03-28 06:57:42,454,Credit Card,In-Store,1
115,449,Home & Garden,Product_449,4,770.38,3081.52,2022-08-15 10:19:31,239,Cash,Mobile App,1
116,487,Home & Garden,Product_487,3,189.69,569.0699999999999,2022-02-22 02:35:26,342,PayPal,Website,0
117,198,Home & Garden,Product_198,5,52.25,261.25,2022-03-05 13:24:44,35,Credit Card,Website,1
118,142,Fashion,Product_142,4,433.56,1734.24,2022-07-31 08:15:25,482,PayPal,Website,0
119,468,Electronics,Product_468,3,762.1,2286.3,2022-01-16 04:26:48,295,PayPal,In-Store,0
120,301,Fashion,Product_301,2,730.11,1460.22,2022-04-24 15:22:32,243,Cash,Website,1
121,483,Fashion,Product_483,1,476.04,476.04,2022-06-29 12:28:12,384,Cash,In-Store,1
122,100,Home & Garden,Product_100,4,256.77,1027.08,2022-07-09 20:45:22,476,Cash,Website,0
123,494,Fashion,Product_494,1,277.37,277.37,2022-04-13 16:39:01,362,Credit Card,Mobile App,0
124,470,Electronics,Product_470,1,720.37,720.37,2022-08-22 20:24:06,486,PayPal,Website,1
125,143,Electronics,Product_143,4,403.59,1614.36,2022-01-17 21:40:40,306,Credit Card,Website,1
126,483,Fashion,Product_483,4,122.27,489.08,2022-08-21 11:00:08,389,Cash,Mobile App,1
127,123,Home & Garden,Product_123,5,213.77,1068.8500000000001,2022-08-06 04:30:26,212,Cash,In-Store,1
128,287,Fashion,Product_287,3,235.9,707.7,2022-03-19 19:29:15,308,Cash,Website,0
129,230,Electronics,Product_230,2,116.37,232.74,2022-02-27 12:35:43,290,PayPal,Website,0
130,477,Electronics,Product_477,3,381.17,1143.51,2022-07-26 17:03:46,342,PayPal,Mobile App,0
131,198,Fashion,Product_198,2,734.52,1469.04,2022-08-18 09:52:12,133,Cash,Mobile App,0
132,162,Electronics,Product_162,2,541.65,1083.3,2022-04-14 16:52:13,436,PayPal,In-Store,1
133,322,Fashion,Product_322,5,76.53,382.65,2022-05-09 20:28:41,218,PayPal,Mobile App,1
134,223,Electronics,Product_223,3,24.29,72.87,2022-05-08 08:14:48,382,Credit Card,Website,0
135,182,Home & Garden,Product_182,4,235.47,941.88,2022-04-18 14:46:17,244,Credit Card,Website,1
136,327,Electronics,Product_327,1,302.9,302.9,2022-06-25 21:37:20,72,Cash,In-Store,0
137,248,Fashion,Product_248,5,625.86,3129.3,2022-07-11 18:07:32,441,Cash,Mobile App,1
138,309,Fashion,Product_309,5,774.26,3871.3,2022-01-27 19:16:19,127,PayPal,In-Store,0
139,150,Home & Garden,Product_150,5,322.3,1611.5,2022-04-03 02:29:15,293,Credit Card,Mobile App,1
140,370,Electronics,Product_370,4,555.62,2222.48,2022-08-24 01:58:10,52,Credit Card,Website,0
141,141,Fashion,Product_141,1,796.02,796.02,2022-06-11 03:41:51,224,Cash,Website,1
142,158,Electronics,Product_158,2,601.62,1203.24,2022-08-02 04:20:58,62,Credit Card,In-Store,1
143,293,Home & Garden,Product_293,4,516.23,2064.92,2022-02-24 01:50:12,190,PayPal,Mobile App,1
144,136,Fashion,Product_136,3,80.9,242.70000000000002,2022-07-25 09:29:13,368,Credit Card,Website,0
145,366,Home & Garden,Product_366,3,272.11,816.33,2022-08-17 04:26:29,195,Credit Card,Website,1
146,186,Fashion,Product_186,4,732.45,2929.8,2022-01-22 14:10:36,442,Cash,Mobile App,0
147,143,Electronics,Product_143,5,176.78,883.9,2022-07-09 22:23:23,154,Credit Card,In-Store,0
148,460,Fashion,Product_460,4,678.0,2712.0,2022-01-27 22:35:39,397,Cash,In-Store,0
149,111,Home & Garden,Product_111,1,563.13,563.13,2022-07-26 19:58:51,245,Cash,In-Store,0
150,358,Fashion,Product_358,2,305.73,611.46,2022-06-19 01:10:05,446,Credit Card,In-Store,1
151,407,Home & Garden,Product_407,2,432.76,865.52,2022-08-21 12:28:45,378,Cash,In-Store,1
152,180,Fashion,Product_180,2,443.39,886.78,2022-05-02 22:33:05,382,PayPal,Website,1
153,132,Home & Garden,Product_132,2,576.96,1153.92,2022-06-04 16:10:39,390,Cash,Mobile App,1
154,282,Electronics,Product_282,5,422.91,2114.55,2022-08-25 22:36:11,164,Cash,In-Store,1
155,228,Fashion,Product_228,3,123.8,371.4,2022-06-13 09:34:26,223,Credit Card,Website,1
156,394,Electronics,Product_394,3,623.29,1869.87,2022-07-14 00:46:16,245,Credit Card,In-Store,0
157,375,Fashion,Product_375,4,336.89,1347.56,2022-08-24 07:06:11,181,Cash,In-Store,0
158,274,Fashion,Product_274,2,771.21,1542.42,2022-02-21 20:36:34,138,Cash,Website,0
159,142,Electronics,Product_142,3,241.14,723.42,2022-01-03 02:43:58,50,Cash,In-Store,0
160,471,Home & Garden,Product_471,1,225.2,225.2,2022-02-21 23:28:55,500,PayPal,Mobile App,0
161,284,Electronics,Product_284,4,280.14,1120.56,2022-06-30 12:14:57,466,Credit Card,In-Store,1
162,177,Electronics,Product_177,5,466.41,2332.05,2022-03-03 05:14:03,185,PayPal,Website,1
163,386,Fashion,Product_386,3,718.0,2154.0,2022-03-29 15:30:23,158,Credit Card,Mobile App,0
164,380,Home & Garden,Product_380,2,157.5,315.0,2022-08-14 10:47:05,204,Credit Card,Website,1
165,225,Home & Garden,Product_225,5,238.15,1190.75,2022-02-21 21:09:26,190,PayPal,In-Store,1
166,358,Electronics,Product_358,1,473.71,473.71,2022-08-10 00:12:46,419,PayPal,Mobile App,0
167,103,Electronics,Product_103,1,374.38,374.38,2022-02-05 19:56:42,492,Credit Card,Website,1
168,194,Home & Garden,Product_194,1,368.91,368.91,2022-02-27 17:45:28,249,Credit Card,In-Store,1
169,326,Electronics,Product_326,5,660.17,3300.85,2022-03-08 16:44:54,379,PayPal,Website,1
170,463,Fashion,Product_463,3,740.63,2221.89,2022-01-23 03:43:10,428,PayPal,In-Store,0
171,369,Fashion,Product_369,3,395.42,1186.26,2022-01-03 01:25:14,290,Credit Card,Mobile App,0
172,468,Electronics,Product_468,2,556.13,1112.26,2022-06-30 08:38:22,379,PayPal,In-Store,1
173,396,Fashion,Product_396,5,644.83,3224.15,2022-08-10 06:11:11,157,Cash,Mobile App,0
174,428,Home & Garden,Product_428,3,424.33,1272.99,2022-07-14 11:18:50,23,Credit Card,Website,0
175,119,Electronics,Product_119,4,249.57,998.28,2022-01-22 07:09:39,90,PayPal,Mobile App,0
176,195,Fashion,Product_195,2,517.71,1035.42,2022-03-13 07:32:48,476,Cash,Website,1
177,428,Electronics,Product_428,3,476.39,1429.17,2022-04-03 17:24:12,18,Credit Card,In-Store,0
178,348,Home & Garden,Product_348,4,723.22,2892.88,2022-05-04 20:22:19,256,Credit Card,In-Store,0
179,280,Fashion,Product_280,2,60.88,121.76,2022-08-04 11:22:47,34,PayPal,Mobile App,1
180,423,Home & Garden,Product_423,1,729.9,729.9,2022-05-25 09:26:25,98,Cash,In-Store,0
181,417,Electronics,Product_417,1,436.86,436.86,2022-04-29 07:06:45,90,PayPal,Website,1
182,370,Electronics,Product_370,4,32.23,128.92,2022-08-26 01:20:37,469,PayPal,In-Store,0
183,452,Fashion,Product_452,1,288.87,288.87,2022-04-15 04:27:07,380,Cash,In-Store,1
184,360,Home & Garden,Product_360,4,584.98,2339.92,2022-01-28 19:16:54,8,PayPal,Website,0
185,337,Electronics,Product_337,2,400.98,801.96,2022-07-25 01:04:23,193,Credit Card,Mobile App,1
186,239,Home & Garden,Product_239,3,784.52,2353.56,2022-06-29 17:23:24,269,Cash,In-Store,1
187,186,Home & Garden,Product_186,2,349.64,699.28,2022-07-08 11:59:05,242,PayPal,In-Store,0
188,477,Fashion,Product_477,4,274.78,1099.12,2022-07-24 15:15:41,328,PayPal,In-Store,0
189,209,Home & Garden,Product_209,5,660.9,3304.5,2022-05-12 08:13:01,429,PayPal,In-Store,0
190,431,Electronics,Product_431,5,447.37,2236.85,2022-08-05 18:05:11,88,Credit Card,In-Store,0
191,284,Electronics,Product_284,4,552.21,2208.84,2022-07-21 16:36:40,39,Credit Card,Mobile App,0
192,116,Fashion,Product_116,1,648.45,648.45,2022-08-21 18:40:09,3,Cash,Mobile App,0
193,252,Home & Garden,Product_252,4,543.71,2174.84,2022-06-15 17:24:20,444,Cash,Website,0
194,249,Electronics,Product_249,3,349.48,1048.44,2022-08-19 10:00:05,74,Credit Card,Mobile App,1
195,210,Electronics,Product_210,2,117.34,234.68,2022-02-28 05:35:52,415,Cash,Website,0
196,125,Fashion,Product_125,4,472.59,1890.36,2022-02-27 17:09:31,191,Credit Card,Mobile App,0
197,477,Home & Garden,Product_477,3,720.0,2160.0,2022-05-15 17:02:52,307,Credit Card,Website,0
198,474,Home & Garden,Product_474,5,346.74,1733.7,2022-06-02 17:49:12,155,PayPal,Website,0
199,217,Home & Garden,Product_217,4,730.37,2921.48,2022-08-22 20:41:12,13,Cash,In-Store,1
200,183,Electronics,Product_183,1,412.75,412.75,2022-05-13 01:59:04,403,PayPal,Website,1
201,261,Electronics,Product_261,4,504.26,2017.04,2022-01-07 02:43:46,488,Credit Card,In-Store,1
202,460,Fashion,Product_460,5,669.73,3348.65,2022-08-09 00:41:18,242,Cash,Website,1
203,328,Electronics,Product_328,3,460.39,1381.17,2022-06-10 18:57:37,414,PayPal,Website,0
204,351,Fashion,Product_351,4,90.96,363.84,2022-03-14 12:56:01,187,Credit Card,In-Store,0
205,221,Fashion,Product_221,4,785.16,3140.64,2022-07-13 21:38:15,495,Credit Card,Mobile App,1
206,426,Home & Garden,Product_426,1,211.76,211.76,2022-03-01 12:15:05,423,PayPal,Mobile App,1
207,387,Fashion,Product_387,4,574.19,2296.76,2022-05-03 14:22:21,248,PayPal,Mobile App,0
208,113,Home & Garden,Product_113,2,413.99,827.98,2022-04-05 16:47:08,327,PayPal,In-Store,1
209,427,Home & Garden,Product_427,4,393.44,1573.76,2022-02-15 01:11:12,67,Cash,In-Store,1
210,284,Electronics,Product_284,3,210.27,630.8100000000001,2022-05-26 00:24:03,125,Cash,Mobile App,1
211,252,Electronics,Product_252,2,583.28,1166.56,2022-07-09 13:24:50,306,PayPal,In-Store,0
212,179,Fashion,Product_179,1,107.97,107.97,2022-02-26 02:51:38,462,PayPal,In-Store,0
213,141,Fashion,Product_141,3,792.55,2377.6499999999996,2022-02-09 18:30:20,249,Credit Card,Mobile App,1
214,374,Fashion,Product_374,1,679.39,679.39,2022-02-05 21:11:29,180,Cash,Mobile App,1
215,140,Fashion,Product_140,4,436.92,1747.68,2022-02-01 07:41:05,337,PayPal,Mobile App,1
216,307,Electronics,Product_307,4,351.15,1404.6,2022-02-21 10:02:31,288,Cash,Mobile App,0
217,367,Fashion,Product_367,4,243.44,973.76,2022-06-24 07:09:43,137,Cash,Mobile App,1
218,266,Home & Garden,Product_266,5,411.24,2056.2,2022-01-09 05:36:57,362,Cash,Mobile App,1
219,211,Electronics,Product_211,5,705.95,3529.75,2022-03-28 09:18:53,360,Credit Card,In-Store,1
220,449,Home & Garden,Product_449,5,234.5,1172.5,2022-02-11 21:24:57,160,PayPal,In-Store,1
221,229,Fashion,Product_229,2,410.42,820.84,2022-08-02 00:44:06,410,PayPal,Website,0
222,323,Electronics,Product_323,5,202.95,1014.75,2022-08-10 05:05:51,19,PayPal,In-Store,0
223,474,Home & Garden,Product_474,4,282.98,1131.92,2022-01-09 19:24:17,468,Credit Card,Website,0
224,400,Electronics,Product_400,4,168.4,673.6,2022-07-12 19:28:59,349,Credit Card,Mobile App,1
225,316,Home & Garden,Product_316,1,792.62,792.62,2022-03-10 02:58:28,322,Credit Card,Website,1
226,481,Electronics,Product_481,3,465.77,1397.31,2022-03-04 14:05:24,442,PayPal,Mobile App,0
227,124,Home & Garden,Product_124,3,591.6,1774.8000000000002,2022-08-16 06:25:48,347,Cash,Website,0
228,167,Home & Garden,Product_167,2,96.63,193.26,2022-01-08 09:17:00,116,Credit Card,In-Store,1
229,359,Home & Garden,Product_359,3,305.57,916.71,2022-06-10 09:06:34,415,Cash,Mobile App,1
230,334,Electronics,Product_334,2,716.26,1432.52,2022-07-21 14:41:06,406,Credit Card,Mobile App,1
231,304,Home & Garden,Product_304,1,85.86,85.86,2022-08-07 00:55:22,373,Credit Card,In-Store,0
232,391,Home & Garden,Product_391,4,149.08,596.32,2022-06-28 02:33:30,332,Credit Card,Website,1
233,314,Fashion,Product_314,4,507.83,2031.32,2022-08-19 02:59:34,292,PayPal,In-Store,1
234,289,Home & Garden,Product_289,2,505.78,1011.56,2022-03-06 11:49:02,483,Credit Card,In-Store,0
235,297,Fashion,Product_297,5,673.82,3369.1000000000004,2022-04-08 12:55:47,126,PayPal,Mobile App,0
236,315,Electronics,Product_315,1,749.68,749.68,2022-07-15 09:25:13,183,Credit Card,Mobile App,0
237,143,Home & Garden,Product_143,4,130.75,523.0,2022-07-23 02:48:50,321,Credit Card,Website,1
238,132,Electronics,Product_132,4,222.31,889.24,2022-08-01 12:22:58,250,Cash,In-Store,1
239,111,Fashion,Product_111,1,353.42,353.42,2022-03-24 10:54:23,64,Credit Card,Mobile App,0
240,204,Fashion,Product_204,2,20.7,41.4,2022-06-19 04:43:44,217,Credit Card,Mobile App,1
241,312,Electronics,Product_312,5,74.46,372.29999999999995,2022-07-27 06:13:02,175,Cash,Website,1
242,238,Home & Garden,Product_238,2,196.66,393.32,2022-06-13 05:30:28,97,Credit Card,Website,0
243,282,Electronics,Product_282,1,395.26,395.26,2022-05-11 17:57:23,169,PayPal,Website,1
244,225,Fashion,Product_225,3,216.19,648.5699999999999,2022-02-03 20:18:04,59,Credit Card,In-Store,1
245,256,Fashion,Product_256,2,703.81,1407.62,2022-02-17 12:03:23,325,PayPal,Website,1
246,211,Home & Garden,Product_211,3,272.93,818.79,2022-07-09 06:45:04,414,Credit Card,In-Store,0
247,358,Fashion,Product_358,1,741.21,741.21,2022-01-20 14:23:20,52,PayPal,In-Store,0
248,127,Home & Garden,Product_127,3,780.33,2340.9900000000002,2022-04-02 13:42:00,55,Credit Card,In-Store,1
249,317,Home & Garden,Product_317,4,370.89,1483.56,2022-07-27 05:34:01,57,Cash,Mobile App,0
250,251,Home & Garden,Product_251,3,197.16,591.48,2022-03-03 10:58:22,339,Credit Card,Website,1
251,409,Fashion,Product_409,5,247.5,1237.5,2022-03-09 10:46:12,53,PayPal,In-Store,0
252,407,Electronics,Product_407,5,625.54,3127.7,2022-03-17 09:16:58,102,Credit Card,Mobile App,1
253,274,Electronics,Product_274,1,233.21,233.21,2022-03-14 05:47:48,488,Credit Card,In-Store,1
254,248,Fashion,Product_248,5,316.85,1584.25,2022-05-21 16:16:09,67,Credit Card,Website,1
255,129,Electronics,Product_129,3,393.29,1179.8700000000001,2022-05-17 07:25:14,372,PayPal,Website,0
256,167,Electronics,Product_167,4,468.59,1874.36,2022-05-17 00:21:17,34,PayPal,In-Store,0
257,135,Fashion,Product_135,1,796.96,796.96,2022-01-23 06:33:09,474,Credit Card,Website,0
258,395,Electronics,Product_395,2,201.12,402.24,2022-02-03 03:18:00,412,Credit Card,Mobile App,0
259,493,Fashion,Product_493,4,295.67,1182.68,2022-08-13 18:50:10,366,Credit Card,Mobile App,1
260,173,Home & Garden,Product_173,2,225.06,450.12,2022-01-19 17:07:56,471,Cash,Website,1
261,397,Home & Garden,Product_397,1,301.67,301.67,2022-04-23 15:00:06,299,Cash,In-Store,1
262,487,Electronics,Product_487,2,98.63,197.26,2022-03-30 10:50:14,370,Credit Card,In-Store,0
263,402,Fashion,Product_402,4,300.65,1202.6,2022-07-23 23:14:35,7,Credit Card,In-Store,0
264,318,Home & Garden,Product_318,5,712.53,3562.6499999999996,2022-06-07 06:07:54,438,Credit Card,Mobile App,1
265,464,Fashion,Product_464,1,252.9,252.9,2022-06-29 13:35:54,94,Credit Card,Website,0
266,359,Fashion,Product_359,5,310.11,1550.5500000000002,2022-06-04 04:41:55,33,Cash,Mobile App,0
267,387,Fashion,Product_387,5,756.69,3783.4500000000003,2022-07-27 01:45:07,360,PayPal,Website,0
268,365,Electronics,Product_365,5,588.14,2940.7,2022-04-14 02:12:52,408,PayPal,Website,1
269,494,Home & Garden,Product_494,4,423.06,1692.24,2022-04-19 12:44:33,166,PayPal,Mobile App,0
270,127,Electronics,Product_127,3,626.21,1878.63,2022-03-31 00:55:46,139,Credit Card,Mobile App,1
271,299,Fashion,Product_299,5,116.08,580.4,2022-04-28 17:31:04,394,Cash,Website,1
272,161,Home & Garden,Product_161,3,382.3,1146.9,2022-06-23 23:52:17,322,PayPal,In-Store,0
273,441,Electronics,Product_441,1,112.22,112.22,2022-08-25 02:46:37,321,Cash,Website,0
274,453,Home & Garden,Product_453,2,202.22,404.44,2022-07-04 11:12:51,4,Credit Card,Mobile App,1
275,144,Electronics,Product_144,5,130.66,653.3,2022-03-13 17:51:12,154,Credit Card,Website,1
276,390,Fashion,Product_390,3,302.2,906.5999999999999,2022-04-28 23:28:55,190,PayPal,Website,0
277,188,Home & Garden,Product_188,1,317.68,317.68,2022-07-03 13:30:16,105,Credit Card,Website,1
278,133,Fashion,Product_133,4,758.9,3035.6,2022-05-23 09:47:55,205,PayPal,Mobile App,0
279,233,Fashion,Product_233,1,226.02,226.02,2022-08-25 07:55:14,196,Cash,In-Store,0
280,332,Home & Garden,Product_332,4,388.49,1553.96,2022-06-30 02:02:46,227,Credit Card,In-Store,1
281,355,Home & Garden,Product_355,2,652.88,1305.76,2022-06-01 06:30:48,220,PayPal,In-Store,0
282,136,Electronics,Product_136,2,656.18,1312.36,2022-08-30 01:29:01,50,PayPal,Mobile App,1
283,356,Electronics,Product_356,3,605.27,1815.81,2022-04-27 20:12:50,2,Credit Card,Mobile App,1
284,390,Fashion,Product_390,4,244.51,978.04,2022-07-09 10:33:30,265,Cash,In-Store,1
285,297,Electronics,Product_297,4,406.08,1624.32,2022-06-24 14:28:56,103,Cash,Website,1
286,482,Home & Garden,Product_482,2,165.25,330.5,2022-03-24 16:46:09,98,Cash,Website,0
287,354,Home & Garden,Product_354,1,166.95,166.95,2022-04-11 05:58:23,364,Credit Card,Mobile App,1
288,180,Home & Garden,Product_180,1,359.96,359.96,2022-03-31 13:21:47,96,Credit Card,Mobile App,1
289,236,Fashion,Product_236,3,596.1,1788.3000000000002,2022-01-09 02:21:14,158,Cash,Website,1
290,289,Electronics,Product_289,2,430.74,861.48,2022-01-08 09:05:46,49,Credit Card,Mobile App,0
291,229,Electronics,Product_229,2,711.61,1423.22,2022-04-26 05:10:26,189,Cash,Mobile App,1
292,309,Electronics,Product_309,5,668.11,3340.55,2022-03-23 08:43:32,253,PayPal,Website,1
293,468,Electronics,Product_468,3,44.65,133.95,2022-01-08 22:14:43,366,PayPal,In-Store,1
294,391,Electronics,Product_391,2,463.37,926.74,2022-08-10 21:11:16,206,Cash,Website,0
295,476,Electronics,Product_476,5,495.15,2475.75,2022-04-21 21:43:35,463,Credit Card,In-Store,1
296,447,Electronics,Product_447,4,770.03,3080.12,2022-03-23 01:05:08,157,Cash,In-Store,0
297,268,Fashion,Product_268,5,38.12,190.6,2022-08-24 09:23:36,81,Credit Card,In-Store,0
298,472,Electronics,Product_472,2,434.26,868.52,2022-08-03 16:02:16,228,PayPal,Website,1
299,392,Electronics,Product_392,1,179.73,179.73,2022-06-08 19:42:36,89,PayPal,Mobile App,0
300,276,Electronics,Product_276,3,61.86,185.57999999999998,2022-07-10 15:48:05,302,Credit Card,Website,1
301,125,Fashion,Product_125,4,478.24,1912.96,2022-05-31 06:06:18,391,Cash,Website,1
302,423,Electronics,Product_423,1,622.63,622.63,2022-01-16 15:13:31,275,Credit Card,Mobile App,0
303,459,Fashion,Product_459,3,624.4,1873.1999999999998,2022-06-30 06:27:46,313,Cash,Website,1
304,391,Fashion,Product_391,4,43.62,174.48,2022-02-15 09:08:59,162,Cash,Mobile App,0
305,214,Fashion,Product_214,4,337.42,1349.68,2022-04-22 17:09:32,9,PayPal,Mobile App,0
306,386,Home & Garden,Product_386,2,54.72,109.44,2022-07-23 10:07:43,335,Cash,In-Store,0
307,129,Electronics,Product_129,5,213.31,1066.55,2022-05-25 04:58:21,147,PayPal,Mobile App,0
308,341,Home & Garden,Product_341,1,170.45,170.45,2022-07-18 13:05:36,490,PayPal,In-Store,0
309,389,Electronics,Product_389,5,187.84,939.2,2022-06-23 19:30:08,188,Credit Card,In-Store,1
310,246,Fashion,Product_246,2,284.51,569.02,2022-01-19 15:08:31,40,PayPal,Mobile App,0
311,373,Fashion,Product_373,2,236.39,472.78,2022-05-28 05:17:00,153,PayPal,Mobile App,1
312,321,Electronics,Product_321,1,770.58,770.58,2022-02-14 05:58:40,397,PayPal,Mobile App,1
313,440,Electronics,Product_440,4,294.88,1179.52,2022-02-14 08:33:19,10,Cash,Mobile App,1
314,102,Fashion,Product_102,3,717.45,2152.3500000000004,2022-04-22 01:06:59,497,Credit Card,Mobile App,1
315,169,Electronics,Product_169,4,161.21,644.84,2022-04-19 09:29:18,354,Cash,Website,1
316,457,Electronics,Product_457,5,615.72,3078.6000000000004,2022-08-31 23:18:52,256,PayPal,Mobile App,1
317,496,Home & Garden,Product_496,1,67.85,67.85,2022-03-02 14:20:20,434,Cash,In-Store,1
318,144,Fashion,Product_144,2,380.95,761.9,2022-06-11 17:15:40,354,PayPal,Website,0
319,473,Home & Garden,Product_473,4,24.3,97.2,2022-07-26 10:53:06,51,Credit Card,Mobile App,1
320,353,Fashion,Product_353,1,652.03,652.03,2022-03-05 12:49:21,217,PayPal,Mobile App,1
321,422,Home & Garden,Product_422,3,761.38,2284.14,2022-07-22 09:30:01,400,PayPal,In-Store,0
322,211,Electronics,Product_211,2,47.38,94.76,2022-02-09 01:06:48,239,PayPal,In-Store,0
323,191,Electronics,Product_191,4,748.4,2993.6,2022-05-10 10:40:10,168,Cash,Website,1
324,441,Fashion,Product_441,2,623.61,1247.22,2022-04-05 14:21:36,327,PayPal,Website,1
325,139,Fashion,Product_139,5,299.91,1499.5500000000002,2022-05-05 05:25:40,318,PayPal,Mobile App,0
326,250,Fashion,Product_250,3,728.92,2186.7599999999998,2022-01-21 12:54:29,402,PayPal,Website,0
327,245,Home & Garden,Product_245,3,251.08,753.24,2022-01-12 16:51:59,393,PayPal,Website,0
328,298,Fashion,Product_298,3,339.25,1017.75,2022-02-09 07:20:45,112,PayPal,Mobile App,1
329,374,Electronics,Product_374,5,95.43,477.15000000000003,2022-06-23 19:47:52,450,PayPal,Website,0
330,448,Fashion,Product_448,4,532.41,2129.64,2022-03-03 23:45:34,136,Cash,In-Store,0
331,143,Electronics,Product_143,4,43.09,172.36,2022-08-31 21:30:51,277,Credit Card,Mobile App,0
332,183,Home & Garden,Product_183,4,398.23,1592.92,2022-03-16 20:16:08,169,Credit Card,Mobile App,0
333,397,Electronics,Product_397,4,552.89,2211.56,2022-08-21 05:43:04,73,Credit Card,Mobile App,1
334,193,Electronics,Product_193,4,660.57,2642.28,2022-04-21 17:52:31,373,Credit Card,Website,0
335,274,Home & Garden,Product_274,1,136.95,136.95,2022-05-05 14:38:18,129,Cash,Mobile App,0
336,301,Electronics,Product_301,5,608.19,3040.9500000000003,2022-02-18 22:20:34,376,PayPal,In-Store,1
337,445,Home & Garden,Product_445,3,580.88,1742.6399999999999,2022-03-21 12:54:43,42,PayPal,Website,1
338,429,Home & Garden,Product_429,4,456.47,1825.88,2022-06-21 04:04:07,387,Cash,In-Store,1
339,128,Home & Garden,Product_128,4,476.02,1904.08,2022-02-17 08:03:18,33,Credit Card,Website,0
340,309,Electronics,Product_309,3,91.19,273.57,2022-02-11 08:24:19,471,Cash,In-Store,0
341,205,Home & Garden,Product_205,3,488.37,1465.1100000000001,2022-06-26 00:22:39,381,Cash,Mobile App,1
342,484,Fashion,Product_484,1,317.59,317.59,2022-01-07 15:05:25,11,Credit Card,Mobile App,1
343,163,Electronics,Product_163,5,696.71,3483.55,2022-05-09 02:18:44,479,Cash,Website,1
344,116,Electronics,Product_116,2,264.22,528.44,2022-04-15 03:50:49,393,PayPal,Mobile App,1
345,206,Fashion,Product_206,1,469.74,469.74,2022-04-08 19:03:22,22,Cash,Website,1
346,264,Fashion,Product_264,2,352.73,705.46,2022-06-14 04:00:12,120,Credit Card,Mobile App,1
347,194,Fashion,Product_194,1,703.48,703.48,2022-05-23 20:04:48,58,Credit Card,Website,0
348,124,Fashion,Product_124,5,218.06,1090.3,2022-03-10 21:40:51,46,Credit Card,Website,1
349,216,Home & Garden,Product_216,5,81.47,407.35,2022-02-16 20:47:36,324,Cash,In-Store,0
350,291,Electronics,Product_291,2,603.95,1207.9,2022-05-08 14:47:23,198,Credit Card,Mobile App,0
351,295,Electronics,Product_295,4,342.06,1368.24,2022-05-28 08:48:35,284,PayPal,In-Store,0
352,407,Fashion,Product_407,4,479.5,1918.0,2022-02-08 04:51:41,219,Credit Card,Mobile App,1
353,236,Home & Garden,Product_236,4,40.58,162.32,2022-03-30 05:37:29,397,PayPal,Mobile App,0
354,447,Home & Garden,Product_447,2,762.65,1525.3,2022-07-27 22:38:12,321,Cash,Mobile App,0
355,193,Fashion,Product_193,4,704.54,2818.16,2022-08-06 00:51:56,4,Credit Card,In-Store,1
356,479,Fashion,Product_479,3,506.62,1519.8600000000001,2022-05-07 20:25:10,446,Credit Card,In-Store,1
357,338,Fashion,Product_338,3,33.28,99.84,2022-06-23 10:24:22,428,PayPal,In-Store,0
358,187,Fashion,Product_187,5,314.82,1574.1,2022-03-22 04:53:59,97,Cash,Mobile App,1
359,260,Home & Garden,Product_260,2,783.46,1566.92,2022-08-26 12:21:06,41,PayPal,Website,1
360,247,Electronics,Product_247,4,551.44,2205.76,2022-02-14 00:17:03,21,Cash,Mobile App,0
361,172,Home & Garden,Product_172,3,145.57,436.71,2022-04-20 19:53:00,271,PayPal,Mobile App,1
362,187,Electronics,Product_187,4,379.27,1517.08,2022-07-08 06:42:01,25,PayPal,Website,1
363,113,Electronics,Product_113,1,774.06,774.06,2022-06-19 02:23:18,324,Credit Card,Mobile App,0
364,414,Electronics,Product_414,4,437.07,1748.28,2022-06-21 11:41:47,289,PayPal,In-Store,0
365,181,Home & Garden,Product_181,5,39.2,196.0,2022-05-26 09:22:05,330,Cash,In-Store,0
366,220,Fashion,Product_220,1,503.42,503.42,2022-08-03 11:45:02,327,PayPal,In-Store,1
367,472,Fashion,Product_472,2,231.55,463.1,2022-03-14 08:08:37,68,Cash,In-Store,1
368,420,Home & Garden,Product_420,4,97.1,388.4,2022-08-01 01:05:50,315,PayPal,Website,1
369,303,Home & Garden,Product_303,4,334.27,1337.08,2022-08-23 22:19:08,413,Credit Card,In-Store,0
370,320,Electronics,Product_320,1,455.65,455.65,2022-05-28 16:37:23,4,PayPal,Mobile App,1
371,381,Home & Garden,Product_381,5,33.29,166.45,2022-08-30 16:06:47,464,Cash,Mobile App,0
372,388,Electronics,Product_388,5,456.06,2280.3,2022-01-30 08:41:23,225,Cash,In-Store,1
373,370,Home & Garden,Product_370,5,418.74,2093.7,2022-02-20 02:41:30,423,Credit Card,Website,0
374,384,Fashion,Product_384,2,639.25,1278.5,2022-04-26 17:02:55,109,Cash,Mobile App,1
375,376,Fashion,Product_376,1,350.37,350.37,2022-08-03 21:57:52,349,Credit Card,Website,0
376,424,Fashion,Product_424,3,451.69,1355.07,2022-07-24 05:10:21,243,PayPal,Website,1
377,122,Home & Garden,Product_122,2,598.77,1197.54,2022-06-26 14:38:39,198,Cash,In-Store,0
378,327,Electronics,Product_327,5,719.77,3598.85,2022-01-14 09:48:11,2,Credit Card,In-Store,0
379,478,Fashion,Product_478,5,316.43,1582.15,2022-06-23 13:15:07,146,PayPal,Mobile App,0
380,183,Electronics,Product_183,4,489.27,1957.08,2022-04-23 18:45:14,191,PayPal,Website,1
381,235,Fashion,Product_235,2,561.8,1123.6,2022-04-01 08:08:35,432,Credit Card,Website,1
382,161,Electronics,Product_161,1,53.75,53.75,2022-04-04 15:44:51,265,Credit Card,In-Store,1
383,241,Home & Garden,Product_241,5,644.59,3222.9500000000003,2022-07-13 07:06:50,330,PayPal,Website,0
384,105,Home & Garden,Product_105,3,314.4,943.1999999999999,2022-02-11 18:42:59,437,PayPal,Mobile App,1
385,356,Electronics,Product_356,4,542.79,2171.16,2022-07-25 03:45:13,398,Credit Card,In-Store,1
386,236,Home & Garden,Product_236,1,387.9,387.9,2022-02-01 09:45:41,369,Credit Card,Website,0
387,307,Electronics,Product_307,1,567.82,567.82,2022-08-27 13:20:13,42,PayPal,Website,0
388,239,Home & Garden,Product_239,1,584.98,584.98,2022-07-31 22:48:28,25,PayPal,In-Store,0
389,104,Home & Garden,Product_104,4,169.43,677.72,2022-03-04 01:14:16,64,Cash,In-Store,1
390,448,Electronics,Product_448,3,536.5,1609.5,2022-05-05 18:42:53,453,Cash,In-Store,1
391,382,Fashion,Product_382,5,684.03,3420.1499999999996,2022-06-09 10:57:29,72,Credit Card,Website,0
392,174,Fashion,Product_174,4,203.74,814.96,2022-02-03 00:42:43,70,Credit Card,In-Store,0
393,408,Fashion,Product_408,4,611.38,2445.52,2022-08-10 16:56:32,104,PayPal,Mobile App,1
394,319,Electronics,Product_319,3,514.38,1543.1399999999999,2022-08-08 17:13:50,149,PayPal,Website,0
395,407,Fashion,Product_407,1,765.0,765.0,2022-04-13 07:40:36,324,Credit Card,Website,1
396,327,Home & Garden,Product_327,5,222.99,1114.95,2022-08-06 15:28:14,450,Credit Card,In-Store,0
397,461,Fashion,Product_461,2,140.34,280.68,2022-04-03 14:42:31,202,Credit Card,Website,0
398,374,Home & Garden,Product_374,1,263.45,263.45,2022-08-05 02:03:59,347,Credit Card,Mobile App,0
399,473,Fashion,Product_473,1,221.21,221.21,2022-05-20 12:42:30,322,PayPal,Mobile App,0
400,390,Fashion,Product_390,3,610.33,1830.9900000000002,2022-01-12 09:33:27,169,Cash,Website,1
401,151,Electronics,Product_151,2,591.83,1183.66,2022-06-25 04:01:36,369,Cash,In-Store,0
402,258,Home & Garden,Product_258,5,542.35,2711.75,2022-08-01 19:03:57,359,Credit Card,In-Store,0
403,414,Home & Garden,Product_414,5,188.78,943.9,2022-07-02 20:22:55,431,Credit Card,Mobile App,1
404,411,Home & Garden,Product_411,5,692.21,3461.05,2022-05-02 20:34:19,406,Cash,Website,1
405,374,Fashion,Product_374,3,766.13,2298.39,2022-05-21 07:31:55,333,PayPal,Website,0
406,443,Fashion,Product_443,2,434.65,869.3,2022-05-11 23:30:39,71,PayPal,Mobile App,0
407,426,Electronics,Product_426,2,526.51,1053.02,2022-06-13 10:50:58,417,Credit Card,Mobile App,0
408,153,Electronics,Product_153,1,410.54,410.54,2022-06-19 05:53:42,427,Credit Card,Mobile App,1
409,404,Electronics,Product_404,4,241.18,964.72,2022-06-08 19:24:06,341,Cash,Website,1
410,194,Fashion,Product_194,2,243.2,486.4,2022-01-12 22:31:35,205,Credit Card,Mobile App,1
411,159,Electronics,Product_159,5,264.47,1322.3500000000001,2022-03-02 21:24:04,343,Cash,Mobile App,0
412,436,Home & Garden,Product_436,5,168.86,844.3000000000001,2022-01-26 00:39:26,21,PayPal,In-Store,1
413,254,Electronics,Product_254,4,723.5,2894.0,2022-07-23 10:04:03,110,Credit Card,Mobile App,0
414,224,Fashion,Product_224,4,689.55,2758.2,2022-06-07 01:15:49,418,Cash,Website,1
415,263,Electronics,Product_263,1,380.08,380.08,2022-07-11 18:15:14,417,Credit Card,Website,1
416,158,Home & Garden,Product_158,1,306.46,306.46,2022-02-02 15:50:13,266,Credit Card,Website,0
417,206,Home & Garden,Product_206,3,752.48,2257.44,2022-07-27 19:53:32,188,Cash,Mobile App,1
418,301,Home & Garden,Product_301,5,193.45,967.25,2022-03-17 23:26:50,101,Credit Card,Website,0
419,400,Fashion,Product_400,3,451.76,1355.28,2022-01-15 01:52:52,132,Cash,Website,1
420,369,Home & Garden,Product_369,5,62.51,312.55,2022-05-02 22:49:54,234,Credit Card,Mobile App,1
421,477,Electronics,Product_477,3,169.14,507.41999999999996,2022-02-25 23:28:41,64,Credit Card,Mobile App,0
422,426,Electronics,Product_426,1,491.14,491.14,2022-07-31 15:32:22,63,Credit Card,In-Store,1
423,138,Home & Garden,Product_138,2,536.5,1073.0,2022-05-18 17:52:36,393,Cash,In-Store,1
424,267,Fashion,Product_267,4,473.18,1892.72,2022-05-14 12:01:47,285,Credit Card,Website,0
425,236,Home & Garden,Product_236,5,698.29,3491.45,2022-08-11 21:19:19,244,PayPal,Website,0
426,113,Electronics,Product_113,1,794.86,794.86,2022-07-27 08:14:51,14,Cash,Mobile App,1
427,491,Electronics,Product_491,1,615.81,615.81,2022-03-22 22:41:28,472,PayPal,Website,0
428,308,Home & Garden,Product_308,1,382.77,382.77,2022-03-25 02:49:22,328,PayPal,In-Store,1
429,122,Fashion,Product_122,3,670.47,2011.41,2022-03-01 19:07:52,383,Cash,Mobile App,0
430,435,Electronics,Product_435,4,113.9,455.6,2022-08-05 18:22:11,116,Cash,In-Store,1
431,364,Fashion,Product_364,1,552.95,552.95,2022-08-26 00:53:48,397,PayPal,Website,1
432,327,Home & Garden,Product_327,3,424.3,1272.9,2022-03-23 13:50:30,387,Cash,In-Store,1
433,362,Electronics,Product_362,1,158.89,158.89,2022-08-03 09:23:04,229,PayPal,Website,1
434,309,Electronics,Product_309,3,778.89,2336.67,2022-07-27 06:11:58,110,Credit Card,Website,0
435,160,Electronics,Product_160,2,283.98,567.96,2022-03-12 10:41:37,78,Cash,In-Store,1
436,156,Electronics,Product_156,3,500.03,1500.09,2022-08-27 16:40:20,280,Cash,Mobile App,1
437,470,Electronics,Product_470,5,705.3,3526.5,2022-06-22 22:24:45,383,PayPal,Mobile App,0
438,337,Electronics,Product_337,4,415.22,1660.88,2022-02-18 16:59:54,232,PayPal,Mobile App,1
439,251,Home & Garden,Product_251,3,109.81,329.43,2022-03-21 15:58:22,188,PayPal,Mobile App,1
440,380,Electronics,Product_380,4,658.62,2634.48,2022-07-23 20:27:44,250,PayPal,Mobile App,1
441,104,Electronics,Product_104,3,295.51,886.53,2022-05-13 16:58:47,119,PayPal,In-Store,0
442,200,Home & Garden,Product_200,4,786.79,3147.16,2022-05-20 01:45:39,202,Credit Card,Mobile App,0
443,405,Electronics,Product_405,2,709.38,1418.76,2022-08-15 03:22:38,232,Cash,Mobile App,0
444,443,Electronics,Product_443,5,685.69,3428.4500000000003,2022-08-11 21:04:46,383,Credit Card,In-Store,1
445,130,Home & Garden,Product_130,5,297.88,1489.4,2022-04-14 07:10:23,336,Credit Card,In-Store,0
446,154,Electronics,Product_154,5,610.56,3052.7999999999997,2022-07-31 08:53:28,12,PayPal,Mobile App,1
447,253,Electronics,Product_253,3,789.34,2368.02,2022-03-20 20:50:19,10,PayPal,Website,1
448,376,Home & Garden,Product_376,5,430.53,2152.6499999999996,2022-05-07 00:38:44,319,Cash,Mobile App,1
449,453,Electronics,Product_453,1,387.17,387.17,2022-03-30 07:52:38,66,PayPal,Mobile App,0
450,457,Home & Garden,Product_457,1,31.44,31.44,2022-02-16 15:17:16,219,Credit Card,In-Store,0
451,285,Electronics,Product_285,5,566.16,2830.7999999999997,2022-05-22 12:35:54,396,Cash,In-Store,0
452,129,Electronics,Product_129,5,689.61,3448.05,2022-07-24 14:44:51,352,Credit Card,Website,1
453,471,Home & Garden,Product_471,3,213.02,639.0600000000001,2022-03-19 18:16:28,305,Credit Card,Website,0
454,409,Fashion,Product_409,5,265.72,1328.6000000000001,2022-08-30 04:48:22,315,Credit Card,In-Store,0
455,219,Home & Garden,Product_219,4,410.53,1642.12,2022-05-26 04:27:18,76,Credit Card,Website,0
456,442,Fashion,Product_442,2,76.22,152.44,2022-03-25 00:20:27,130,Credit Card,Website,1
457,107,Fashion,Product_107,3,89.92,269.76,2022-08-05 04:44:51,122,Credit Card,Mobile App,0
458,205,Electronics,Product_205,3,348.47,1045.41,2022-07-12 16:03:54,457,Credit Card,In-Store,1
459,237,Home & Garden,Product_237,1,223.75,223.75,2022-02-13 12:45:58,410,Credit Card,Website,1
460,282,Fashion,Product_282,3,336.71,1010.1299999999999,2022-02-26 15:04:30,287,Cash,Mobile App,1
461,484,Fashion,Product_484,3,374.42,1123.26,2022-01-24 12:25:01,418,Credit Card,Mobile App,1
462,439,Fashion,Product_439,2,781.49,1562.98,2022-06-16 14:48:53,237,PayPal,In-Store,0
463,476,Fashion,Product_476,4,756.52,3026.08,2022-01-29 14:56:14,88,Cash,In-Store,0
464,309,Home & Garden,Product_309,2,128.99,257.98,2022-07-06 07:58:44,277,PayPal,In-Store,0
465,248,Electronics,Product_248,4,708.42,2833.68,2022-08-15 00:22:51,306,Credit Card,Website,0
466,473,Electronics,Product_473,1,82.56,82.56,2022-06-11 09:20:03,393,Cash,Website,0
467,359,Fashion,Product_359,2,415.96,831.92,2022-05-14 18:16:07,321,Cash,In-Store,0
468,226,Electronics,Product_226,2,147.85,295.7,2022-08-14 04:33:50,419,PayPal,Mobile App,1
469,398,Fashion,Product_398,2,305.4,610.8,2022-06-15 02:53:12,159,Cash,Mobile App,0
470,165,Electronics,Product_165,5,599.81,2999.0499999999997,2022-02-10 23:57:31,359,PayPal,In-Store,0
471,120,Electronics,Product_120,5,351.11,1755.5500000000002,2022-05-23 22:30:37,469,Cash,Website,1
472,392,Home & Garden,Product_392,2,649.42,1298.84,2022-05-31 10:44:48,166,Cash,In-Store,1
473,424,Fashion,Product_424,3,580.68,1742.04,2022-04-24 03:41:32,279,Credit Card,In-Store,0
474,212,Home & Garden,Product_212,1,755.41,755.41,2022-03-28 06:39:19,62,Credit Card,Website,1
475,238,Electronics,Product_238,3,436.64,1309.92,2022-03-28 13:05:39,299,Credit Card,Mobile App,0
476,337,Fashion,Product_337,1,645.68,645.68,2022-08-07 07:10:51,305,Credit Card,Mobile App,0
477,460,Fashion,Product_460,1,271.87,271.87,2022-02-14 13:26:59,471,PayPal,Mobile App,1
478,447,Fashion,Product_447,5,289.68,1448.4,2022-04-30 11:47:32,106,Cash,In-Store,1
479,143,Fashion,Product_143,1,332.4,332.4,2022-01-06 04:48:20,21,Cash,In-Store,1
480,163,Fashion,Product_163,2,340.51,681.02,2022-03-30 00:47:02,428,Credit Card,Mobile App,0
481,365,Fashion,Product_365,2,100.54,201.08,2022-01-05 00:57:44,392,Cash,In-Store,0
482,191,Electronics,Product_191,1,424.9,424.9,2022-08-03 20:20:16,194,Credit Card,Mobile App,0
483,211,Fashion,Product_211,5,95.51,477.55,2022-05-12 09:00:45,121,Credit Card,Mobile App,1
484,439,Electronics,Product_439,3,714.01,2142.0299999999997,2022-04-08 07:52:39,430,Cash,In-Store,1
485,432,Home & Garden,Product_432,5,68.24,341.2,2022-06-14 10:29:14,31,Credit Card,Mobile App,0
486,374,Electronics,Product_374,5,370.76,1853.8,2022-04-19 19:49:49,141,PayPal,Website,0
487,469,Home & Garden,Product_469,3,242.06,726.1800000000001,2022-07-30 05:53:09,454,Credit Card,Mobile App,1
488,430,Fashion,Product_430,2,140.8,281.6,2022-05-18 16:21:56,313,Credit Card,Website,1
489,326,Electronics,Product_326,4,631.39,2525.56,2022-08-08 17:37:43,150,PayPal,Website,0
490,325,Electronics,Product_325,5,577.65,2888.25,2022-04-28 23:47:31,198,Credit Card,Mobile App,1
491,231,Electronics,Product_231,2,133.84,267.68,2022-04-10 08:39:11,17,Credit Card,Mobile App,1
492,496,Home & Garden,Product_496,1,513.56,513.56,2022-04-09 12:41:58,44,Credit Card,In-Store,0
493,328,Fashion,Product_328,5,638.19,3190.9500000000003,2022-05-27 08:55:35,383,PayPal,Website,0
494,414,Electronics,Product_414,5,623.2,3116.0,2022-06-08 09:11:20,24,Credit Card,In-Store,1
495,485,Home & Garden,Product_485,1,91.98,91.98,2022-04-08 21:32:13,169,Credit Card,Mobile App,0
496,469,Electronics,Product_469,4,554.7,2218.8,2022-03-19 21:25:40,422,Cash,Website,1
497,228,Electronics,Product_228,4,578.5,2314.0,2022-05-14 11:55:52,368,PayPal,Mobile App,1
498,395,Electronics,Product_395,3,692.49,2077.4700000000003,2022-08-07 15:02:42,433,PayPal,In-Store,0
499,124,Electronics,Product_124,1,416.27,416.27,2022-07-08 20:09:58,296,PayPal,In-Store,1
500,286,Home & Garden,Product_286,2,379.65,759.3,2022-07-21 00:35:33,105,Credit Card,In-Store,1
501,392,Fashion,Product_392,2,772.79,1545.58,2022-08-24 04:57:18,295,PayPal,Mobile App,1
502,455,Fashion,Product_455,4,641.28,2565.12,2022-04-30 11:55:36,428,PayPal,Mobile App,1
503,425,Electronics,Product_425,3,455.81,1367.43,2022-05-26 01:04:34,177,Credit Card,In-Store,1
504,234,Home & Garden,Product_234,3,277.88,833.64,2022-01-02 08:18:04,385,Cash,Website,1
505,103,Fashion,Product_103,2,679.29,1358.58,2022-04-07 14:40:34,138,PayPal,Website,1
506,326,Fashion,Product_326,3,375.24,1125.72,2022-05-31 17:24:32,253,PayPal,Mobile App,1
507,477,Electronics,Product_477,4,92.29,369.16,2022-04-13 08:42:53,400,PayPal,In-Store,0
508,268,Electronics,Product_268,4,374.83,1499.32,2022-01-02 02:19:08,437,PayPal,Website,0
509,384,Home & Garden,Product_384,3,700.14,2100.42,2022-07-01 22:34:32,237,Credit Card,Mobile App,1
510,424,Fashion,Product_424,4,369.66,1478.64,2022-05-16 00:23:41,54,PayPal,Website,1
511,126,Electronics,Product_126,4,31.19,124.76,2022-06-05 14:35:13,255,Credit Card,Website,0
512,324,Home & Garden,Product_324,3,496.96,1490.8799999999999,2022-06-11 09:35:09,389,Credit Card,Mobile App,1
513,348,Home & Garden,Product_348,4,796.75,3187.0,2022-06-13 01:39:05,157,Cash,Website,1
514,465,Home & Garden,Product_465,1,657.45,657.45,2022-01-23 06:38:02,498,PayPal,Mobile App,0
515,301,Fashion,Product_301,4,501.45,2005.8,2022-02-19 12:34:31,36,PayPal,Website,1
516,297,Fashion,Product_297,5,733.23,3666.15,2022-02-06 14:48:59,21,PayPal,Website,1
517,235,Fashion,Product_235,2,654.59,1309.18,2022-02-13 22:17:32,263,Cash,Mobile App,1
518,225,Home & Garden,Product_225,1,408.94,408.94,2022-06-09 15:57:19,42,PayPal,In-Store,0
519,194,Home & Garden,Product_194,3,481.15,1443.4499999999998,2022-03-30 03:15:30,416,Credit Card,In-Store,0
520,172,Electronics,Product_172,2,590.41,1180.82,2022-08-02 07:01:47,218,PayPal,In-Store,0
521,346,Electronics,Product_346,5,680.21,3401.05,2022-02-13 07:17:17,337,Cash,Mobile App,1
522,440,Fashion,Product_440,2,65.38,130.76,2022-06-02 05:32:10,453,PayPal,Mobile App,0
523,235,Fashion,Product_235,4,624.35,2497.4,2022-08-05 09:43:35,239,Cash,Website,1
524,295,Electronics,Product_295,2,369.05,738.1,2022-02-13 20:07:41,398,PayPal,Website,0
525,313,Fashion,Product_313,3,535.42,1606.2599999999998,2022-02-23 22:38:22,418,Cash,In-Store,0
526,208,Electronics,Product_208,4,616.41,2465.64,2022-05-29 11:18:59,146,PayPal,Mobile App,1
527,423,Electronics,Product_423,4,440.81,1763.24,2022-04-06 22:16:42,112,PayPal,Website,0
528,202,Electronics,Product_202,5,143.64,718.1999999999999,2022-07-08 17:36:35,66,Cash,In-Store,1
529,440,Home & Garden,Product_440,2,339.43,678.86,2022-07-21 21:25:25,90,PayPal,Mobile App,1
530,427,Fashion,Product_427,5,79.96,399.79999999999995,2022-08-31 12:31:33,48,Cash,Mobile App,1
531,183,Home & Garden,Product_183,4,557.65,2230.6,2022-06-06 14:50:09,343,PayPal,In-Store,1
532,323,Fashion,Product_323,4,763.89,3055.56,2022-02-27 05:18:10,43,Credit Card,Website,0
533,356,Home & Garden,Product_356,5,640.3,3201.5,2022-05-16 22:15:28,151,Cash,In-Store,0
534,233,Fashion,Product_233,4,324.03,1296.12,2022-02-13 14:33:03,466,Cash,Website,1
535,447,Fashion,Product_447,2,475.75,951.5,2022-02-08 06:53:32,324,PayPal,Website,1
536,207,Electronics,Product_207,1,257.28,257.28,2022-01-27 00:57:38,148,Credit Card,Mobile App,0
537,107,Home & Garden,Product_107,5,442.02,2210.1,2022-04-04 08:02:29,303,Cash,Mobile App,1
538,249,Home & Garden,Product_249,3,254.57,763.71,2022-04-30 06:10:24,286,Credit Card,Mobile App,1
539,492,Fashion,Product_492,1,595.89,595.89,2022-03-21 12:03:11,247,Cash,Mobile App,1
540,271,Home & Garden,Product_271,3,222.29,666.87,2022-02-09 05:26:36,325,PayPal,In-Store,1
541,146,Fashion,Product_146,4,771.94,3087.76,2022-04-09 16:40:28,469,Credit Card,Mobile App,0
542,100,Fashion,Product_100,1,536.32,536.32,2022-08-30 02:43:38,366,Credit Card,Mobile App,0
543,460,Electronics,Product_460,4,73.65,294.6,2022-04-12 04:50:17,415,Cash,Website,1
544,279,Fashion,Product_279,4,28.41,113.64,2022-01-06 19:43:40,173,Credit Card,Mobile App,0
545,138,Home & Garden,Product_138,5,797.7,3988.5,2022-04-05 03:55:29,464,PayPal,Mobile App,1
546,189,Electronics,Product_189,3,191.99,575.97,2022-08-20 15:07:27,418,Credit Card,In-Store,0
547,174,Fashion,Product_174,2,263.8,527.6,2022-08-20 03:46:53,261,Credit Card,Mobile App,0
548,326,Electronics,Product_326,5,182.56,912.8,2022-02-22 10:53:42,468,PayPal,Mobile App,1
549,223,Electronics,Product_223,5,743.92,3719.6,2022-02-18 05:06:28,422,Credit Card,In-Store,0
550,443,Fashion,Product_443,3,528.57,1585.71,2022-05-18 21:31:13,53,Credit Card,Mobile App,0
551,196,Home & Garden,Product_196,5,413.42,2067.1,2022-06-22 01:06:06,321,PayPal,Mobile App,0
552,439,Fashion,Product_439,3,454.97,1364.91,2022-06-26 18:08:46,18,PayPal,In-Store,0
553,382,Fashion,Product_382,5,267.94,1339.7,2022-01-10 14:24:18,146,Credit Card,In-Store,1
554,306,Fashion,Product_306,1,499.06,499.06,2022-05-06 09:03:20,498,PayPal,Mobile App,0
555,132,Fashion,Product_132,3,347.29,1041.8700000000001,2022-01-14 15:46:32,424,Credit Card,Mobile App,1
556,215,Fashion,Product_215,2,175.4,350.8,2022-05-19 03:19:42,105,Cash,In-Store,0
557,453,Home & Garden,Product_453,5,532.15,2660.75,2022-03-19 04:26:26,275,Cash,In-Store,1
558,415,Electronics,Product_415,1,311.6,311.6,2022-06-29 07:47:53,390,Credit Card,In-Store,0
559,413,Home & Garden,Product_413,2,632.35,1264.7,2022-03-14 17:50:58,355,Credit Card,Website,1
560,278,Fashion,Product_278,5,344.01,1720.05,2022-02-11 04:48:42,388,Credit Card,Mobile App,0
561,273,Electronics,Product_273,5,416.45,2082.25,2022-05-31 03:29:53,315,PayPal,In-Store,0
562,333,Electronics,Product_333,4,634.22,2536.88,2022-02-21 10:23:25,1,Credit Card,Website,0
563,232,Electronics,Product_232,5,369.34,1846.6999999999998,2022-08-07 06:10:09,120,PayPal,Mobile App,1
564,193,Home & Garden,Product_193,2,773.65,1547.3,2022-04-13 20:22:14,36,PayPal,Mobile App,1
565,447,Home & Garden,Product_447,2,638.56,1277.12,2022-08-23 19:33:11,282,Credit Card,In-Store,1
566,294,Home & Garden,Product_294,1,664.62,664.62,2022-01-06 00:37:34,341,Cash,Website,1
567,285,Fashion,Product_285,4,764.06,3056.24,2022-06-04 05:31:59,94,Credit Card,In-Store,1
568,475,Home & Garden,Product_475,1,323.3,323.3,2022-04-22 00:48:18,450,Cash,Website,1
569,264,Home & Garden,Product_264,1,472.46,472.46,2022-06-21 07:55:43,399,PayPal,Website,0
570,461,Home & Garden,Product_461,5,561.0,2805.0,2022-03-06 00:04:40,45,Cash,In-Store,0
571,290,Electronics,Product_290,1,545.3,545.3,2022-06-07 02:32:37,231,Credit Card,Mobile App,1
572,104,Electronics,Product_104,3,763.29,2289.87,2022-04-28 20:06:21,261,Cash,Mobile App,0
573,305,Fashion,Product_305,4,244.91,979.64,2022-07-10 16:43:21,199,Cash,Mobile App,0
574,465,Electronics,Product_465,5,247.26,1236.3,2022-04-08 11:36:28,146,Credit Card,Website,1
575,443,Fashion,Product_443,3,736.04,2208.12,2022-03-28 17:18:35,222,Cash,Mobile App,1
576,326,Electronics,Product_326,2,643.46,1286.92,2022-08-18 22:37:00,446,Credit Card,Website,1
577,173,Fashion,Product_173,4,178.62,714.48,2022-03-18 22:41:49,313,Credit Card,Mobile App,0
578,318,Fashion,Product_318,2,464.64,929.28,2022-03-06 09:15:17,386,Cash,In-Store,0
579,126,Electronics,Product_126,2,601.7,1203.4,2022-04-29 04:00:18,273,Cash,In-Store,1
580,474,Electronics,Product_474,5,295.37,1476.85,2022-04-24 15:56:57,195,Cash,Website,0
581,122,Home & Garden,Product_122,3,358.82,1076.46,2022-03-23 07:54:48,79,Cash,Website,1
582,307,Home & Garden,Product_307,4,468.81,1875.24,2022-06-28 05:33:41,363,Cash,Mobile App,1
583,454,Fashion,Product_454,5,384.34,1921.6999999999998,2022-05-01 17:53:12,178,Credit Card,Mobile App,1
584,190,Fashion,Product_190,1,607.37,607.37,2022-02-21 02:18:40,25,Cash,Website,1
585,151,Fashion,Product_151,4,24.63,98.52,2022-02-26 20:50:40,326,Credit Card,Mobile App,0
586,402,Electronics,Product_402,5,359.01,1795.05,2022-07-01 12:22:36,378,Cash,Website,1
587,308,Electronics,Product_308,4,283.31,1133.24,2022-04-28 03:13:56,406,Cash,Mobile App,1
588,161,Home & Garden,Product_161,4,495.15,1980.6,2022-01-09 22:45:40,9,Cash,Mobile App,0
589,403,Electronics,Product_403,5,625.25,3126.25,2022-04-29 22:23:55,201,Cash,Website,0
590,204,Fashion,Product_204,2,79.39,158.78,2022-05-04 07:12:53,290,PayPal,In-Store,0
591,228,Home & Garden,Product_228,2,143.29,286.58,2022-03-27 09:21:27,70,PayPal,In-Store,0
592,494,Electronics,Product_494,5,538.76,2693.8,2022-06-15 17:47:42,97,Cash,Mobile App,0
593,497,Fashion,Product_497,4,595.95,2383.8,2022-03-24 18:00:22,257,PayPal,Website,0
594,427,Electronics,Product_427,2,478.8,957.6,2022-05-09 08:55:08,300,PayPal,Mobile App,1
595,194,Electronics,Product_194,3,786.59,2359.77,2022-08-07 13:08:33,372,Credit Card,Mobile App,0
596,106,Electronics,Product_106,1,409.58,409.58,2022-01-24 20:35:21,263,PayPal,In-Store,0
597,273,Fashion,Product_273,1,126.31,126.31,2022-04-17 17:52:45,399,Credit Card,In-Store,0
598,345,Fashion,Product_345,3,555.31,1665.9299999999998,2022-01-21 23:18:58,166,Cash,Mobile App,0
599,115,Electronics,Product_115,3,489.62,1468.8600000000001,2022-02-24 01:01:29,349,Cash,In-Store,1
600,269,Fashion,Product_269,3,480.53,1441.59,2022-08-13 17:30:46,465,Cash,Mobile App,0
601,266,Electronics,Product_266,4,445.77,1783.08,2022-02-21 08:03:39,310,PayPal,In-Store,0
602,409,Home & Garden,Product_409,2,752.49,1504.98,2022-02-08 23:09:23,30,Cash,Mobile App,0
603,182,Fashion,Product_182,3,120.74,362.21999999999997,2022-05-09 07:56:22,467,Credit Card,In-Store,1
604,491,Electronics,Product_491,5,77.09,385.45000000000005,2022-04-23 23:58:57,350,PayPal,Website,0
605,320,Electronics,Product_320,1,140.21,140.21,2022-03-06 15:31:49,121,PayPal,Mobile App,1
606,421,Electronics,Product_421,1,211.09,211.09,2022-04-18 04:19:45,123,Credit Card,Mobile App,1
607,269,Home & Garden,Product_269,3,482.5,1447.5,2022-07-10 18:40:33,230,PayPal,In-Store,0
608,422,Fashion,Product_422,2,497.69,995.38,2022-05-17 05:04:22,132,PayPal,Mobile App,0
609,214,Electronics,Product_214,3,201.43,604.29,2022-03-25 12:30:50,491,Credit Card,Website,1
610,448,Electronics,Product_448,5,401.6,2008.0,2022-02-13 11:03:58,75,Cash,In-Store,0
611,434,Electronics,Product_434,3,396.01,1188.03,2022-01-23 22:39:37,298,PayPal,Website,0
612,329,Fashion,Product_329,4,373.43,1493.72,2022-08-04 04:20:44,424,Credit Card,In-Store,0
613,319,Home & Garden,Product_319,3,646.77,1940.31,2022-07-12 14:24:09,97,PayPal,In-Store,0
614,346,Home & Garden,Product_346,4,387.92,1551.68,2022-05-21 13:16:09,417,Credit Card,In-Store,0
615,200,Electronics,Product_200,2,611.53,1223.06,2022-07-18 06:40:48,157,PayPal,In-Store,1
616,321,Electronics,Product_321,2,149.86,299.72,2022-03-24 21:11:24,271,Cash,Website,1
617,278,Fashion,Product_278,5,434.93,2174.65,2022-08-04 08:26:33,480,Credit Card,Mobile App,1
618,274,Electronics,Product_274,2,662.8,1325.6,2022-03-30 16:56:41,355,Cash,Website,0
619,193,Home & Garden,Product_193,4,158.62,634.48,2022-07-03 13:54:04,319,Credit Card,Mobile App,0
620,214,Fashion,Product_214,2,382.64,765.28,2022-03-04 00:48:32,318,PayPal,Website,1
621,261,Fashion,Product_261,4,495.08,1980.32,2022-08-27 12:41:57,358,PayPal,In-Store,0
622,368,Electronics,Product_368,5,164.12,820.6,2022-01-18 15:31:48,228,PayPal,In-Store,0
623,324,Home & Garden,Product_324,4,610.28,2441.12,2022-05-11 07:05:07,324,PayPal,Website,1
624,333,Fashion,Product_333,3,81.62,244.86,2022-08-22 18:43:04,398,Credit Card,Mobile App,0
625,436,Fashion,Product_436,2,758.2,1516.4,2022-05-31 10:59:05,403,Credit Card,In-Store,1
626,166,Electronics,Product_166,1,385.21,385.21,2022-03-15 14:25:36,338,PayPal,In-Store,0
627,225,Home & Garden,Product_225,3,282.18,846.54,2022-06-15 03:39:36,318,Cash,In-Store,1
628,238,Home & Garden,Product_238,4,111.11,444.44,2022-06-17 04:32:10,291,PayPal,In-Store,0
629,212,Fashion,Product_212,3,357.43,1072.29,2022-06-17 10:09:39,99,Cash,Website,0
630,318,Home & Garden,Product_318,3,534.65,1603.9499999999998,2022-01-06 06:56:29,340,Credit Card,In-Store,0
631,255,Electronics,Product_255,3,93.7,281.1,2022-05-31 15:03:25,499,Credit Card,Website,0
632,284,Electronics,Product_284,3,258.89,776.67,2022-02-16 07:27:39,453,PayPal,Mobile App,1
633,220,Fashion,Product_220,4,672.09,2688.36,2022-06-15 23:22:17,76,PayPal,Mobile App,0
634,421,Fashion,Product_421,2,524.02,1048.04,2022-04-28 15:09:17,406,PayPal,Website,0
635,297,Home & Garden,Product_297,2,180.97,361.94,2022-06-12 04:58:37,132,Credit Card,Website,0
636,444,Electronics,Product_444,3,145.51,436.53,2022-04-19 07:16:36,114,PayPal,Website,0
637,390,Home & Garden,Product_390,1,725.5,725.5,2022-01-17 20:46:25,35,PayPal,Mobile App,1
638,103,Home & Garden,Product_103,2,243.88,487.76,2022-05-10 00:04:19,212,Cash,Website,0
639,288,Fashion,Product_288,4,160.01,640.04,2022-08-17 00:14:23,347,Credit Card,In-Store,1
640,338,Electronics,Product_338,4,799.97,3199.88,2022-06-08 15:55:25,201,PayPal,In-Store,1
641,265,Electronics,Product_265,2,261.17,522.34,2022-07-04 02:18:12,490,Cash,In-Store,0
642,271,Home & Garden,Product_271,4,117.3,469.2,2022-04-21 07:18:32,463,Cash,Website,1
643,311,Electronics,Product_311,4,380.17,1520.68,2022-06-28 09:16:08,420,PayPal,Website,1
644,444,Electronics,Product_444,5,358.79,1793.95,2022-04-10 04:25:34,205,Credit Card,Mobile App,0
645,170,Home & Garden,Product_170,4,742.91,2971.64,2022-01-17 04:20:53,466,Cash,Website,0
646,248,Fashion,Product_248,2,124.68,249.36,2022-01-20 05:16:58,107,Credit Card,Website,1
647,490,Fashion,Product_490,2,91.09,182.18,2022-05-16 17:39:15,472,Cash,In-Store,1
648,384,Fashion,Product_384,1,92.52,92.52,2022-03-19 09:37:03,466,Cash,In-Store,1
649,215,Home & Garden,Product_215,3,725.34,2176.02,2022-07-04 02:16:08,225,Credit Card,Website,0
650,490,Electronics,Product_490,2,370.51,741.02,2022-05-19 04:47:09,178,Cash,In-Store,0
651,422,Home & Garden,Product_422,4,137.47,549.88,2022-04-21 07:19:33,12,PayPal,In-Store,0
652,192,Home & Garden,Product_192,1,483.19,483.19,2022-07-23 19:57:09,105,PayPal,Website,1
653,202,Fashion,Product_202,5,439.35,2196.75,2022-07-14 22:52:24,323,Cash,Mobile App,1
654,457,Electronics,Product_457,1,174.76,174.76,2022-01-07 15:36:45,241,PayPal,In-Store,0
655,479,Fashion,Product_479,4,490.37,1961.48,2022-01-12 17:02:19,279,Credit Card,Mobile App,1
656,297,Electronics,Product_297,2,285.38,570.76,2022-08-12 23:18:15,197,Credit Card,In-Store,1
657,209,Electronics,Product_209,1,205.93,205.93,2022-02-08 20:02:47,298,PayPal,In-Store,1
658,429,Fashion,Product_429,4,418.11,1672.44,2022-01-05 04:27:28,299,PayPal,In-Store,1
659,200,Fashion,Product_200,5,247.49,1237.45,2022-04-30 13:34:39,400,PayPal,In-Store,1
660,282,Home & Garden,Product_282,1,193.27,193.27,2022-04-09 13:48:35,188,Credit Card,Mobile App,1
661,433,Electronics,Product_433,4,706.18,2824.72,2022-03-04 15:14:03,317,Cash,Website,1
662,259,Electronics,Product_259,3,141.49,424.47,2022-02-12 22:58:25,338,PayPal,In-Store,0
663,181,Electronics,Product_181,2,238.86,477.72,2022-08-02 13:36:32,360,PayPal,In-Store,0
664,135,Electronics,Product_135,4,321.19,1284.76,2022-02-28 14:47:39,206,Credit Card,In-Store,0
665,337,Electronics,Product_337,3,233.44,700.3199999999999,2022-03-08 04:44:26,96,Cash,In-Store,1
666,343,Home & Garden,Product_343,2,184.35,368.7,2022-06-13 06:43:45,356,Credit Card,Website,1
667,350,Electronics,Product_350,2,621.49,1242.98,2022-03-29 10:55:47,381,PayPal,Mobile App,0
668,492,Home & Garden,Product_492,2,276.63,553.26,2022-03-23 21:37:56,370,Credit Card,Mobile App,1
669,354,Fashion,Product_354,3,107.76,323.28000000000003,2022-06-02 06:29:25,4,Cash,Mobile App,1
670,381,Home & Garden,Product_381,1,441.9,441.9,2022-03-01 17:37:21,430,Credit Card,Website,0
671,121,Home & Garden,Product_121,3,117.88,353.64,2022-07-02 00:34:18,154,Credit Card,Mobile App,0
672,329,Home & Garden,Product_329,3,298.87,896.61,2022-05-17 14:50:52,308,Cash,Mobile App,1
673,253,Fashion,Product_253,4,707.82,2831.28,2022-08-05 00:41:53,413,PayPal,Website,0
674,219,Electronics,Product_219,4,307.95,1231.8,2022-02-08 13:05:07,339,Credit Card,Website,1
675,265,Home & Garden,Product_265,5,513.36,2566.8,2022-06-01 17:05:44,109,Credit Card,Website,0
676,483,Fashion,Product_483,3,421.41,1264.23,2022-05-03 05:42:54,224,Cash,In-Store,0
677,485,Home & Garden,Product_485,3,127.43,382.29,2022-01-02 19:59:02,408,PayPal,Mobile App,0
678,489,Home & Garden,Product_489,5,526.27,2631.35,2022-04-01 19:59:00,111,Cash,Mobile App,1
679,298,Fashion,Product_298,3,687.71,2063.13,2022-02-27 12:19:56,267,PayPal,Website,0
680,496,Home & Garden,Product_496,3,92.71,278.13,2022-06-07 20:38:24,398,PayPal,In-Store,1
681,446,Home & Garden,Product_446,5,607.87,3039.35,2022-04-06 05:47:31,334,Credit Card,Website,0
682,174,Electronics,Product_174,5,558.36,2791.8,2022-08-18 14:40:35,14,PayPal,In-Store,1
683,178,Fashion,Product_178,5,696.0,3480.0,2022-01-01 10:47:58,468,PayPal,Website,1
684,418,Home & Garden,Product_418,2,101.19,202.38,2022-08-20 07:38:15,322,Credit Card,In-Store,0
685,172,Fashion,Product_172,4,258.44,1033.76,2022-01-19 04:35:41,4,Credit Card,Website,1
686,299,Fashion,Product_299,5,561.55,2807.75,2022-08-26 19:41:11,141,PayPal,Mobile App,0
687,401,Electronics,Product_401,2,37.17,74.34,2022-08-06 10:38:18,9,PayPal,Website,1
688,233,Electronics,Product_233,4,592.58,2370.32,2022-07-27 14:55:50,500,PayPal,In-Store,0
689,147,Electronics,Product_147,5,689.22,3446.1000000000004,2022-03-27 21:01:44,267,Cash,In-Store,0
690,287,Home & Garden,Product_287,3,373.58,1120.74,2022-04-19 12:41:47,382,Credit Card,Website,1
691,270,Home & Garden,Product_270,3,358.78,1076.34,2022-01-28 15:52:48,263,PayPal,Mobile App,0
692,238,Home & Garden,Product_238,4,237.21,948.84,2022-07-23 22:10:35,309,PayPal,Mobile App,1
693,342,Home & Garden,Product_342,1,23.94,23.94,2022-07-04 18:07:08,416,Credit Card,Mobile App,1
694,413,Home & Garden,Product_413,4,165.32,661.28,2022-06-01 00:25:29,376,PayPal,Mobile App,0
695,445,Home & Garden,Product_445,2,784.29,1568.58,2022-02-28 01:07:53,300,PayPal,In-Store,1
696,487,Fashion,Product_487,3,696.48,2089.44,2022-03-02 19:39:44,480,PayPal,In-Store,1
697,225,Fashion,Product_225,3,227.87,683.61,2022-06-18 00:01:17,150,PayPal,Mobile App,1
698,306,Electronics,Product_306,5,771.72,3858.6000000000004,2022-03-09 19:42:10,270,Cash,Mobile App,0
699,438,Home & Garden,Product_438,2,306.82,613.64,2022-02-18 08:30:27,328,PayPal,Website,1
700,297,Fashion,Product_297,1,252.12,252.12,2022-04-01 10:44:26,302,PayPal,Mobile App,1
701,286,Electronics,Product_286,2,139.19,278.38,2022-05-01 13:43:47,29,Credit Card,Website,1
702,488,Electronics,Product_488,2,723.26,1446.52,2022-03-31 02:22:36,339,Cash,Mobile App,0
703,117,Electronics,Product_117,2,789.85,1579.7,2022-08-17 12:50:35,414,Credit Card,In-Store,0
704,297,Electronics,Product_297,2,275.38,550.76,2022-08-02 14:39:34,318,PayPal,Mobile App,1
705,450,Fashion,Product_450,1,568.68,568.68,2022-04-04 02:48:44,411,Credit Card,Website,0
706,252,Fashion,Product_252,2,281.54,563.08,2022-01-03 19:03:11,307,Cash,In-Store,0
707,231,Fashion,Product_231,1,101.89,101.89,2022-03-25 16:11:49,16,PayPal,In-Store,0
708,425,Electronics,Product_425,4,326.3,1305.2,2022-02-20 13:43:40,431,PayPal,Mobile App,1
709,264,Electronics,Product_264,2,450.22,900.44,2022-03-10 14:53:52,322,PayPal,Website,0
710,158,Home & Garden,Product_158,5,115.95,579.75,2022-04-07 22:53:37,110,PayPal,Website,1
711,277,Home & Garden,Product_277,1,658.25,658.25,2022-01-08 06:56:24,180,Cash,Website,0
712,252,Electronics,Product_252,1,407.94,407.94,2022-08-06 08:48:42,282,PayPal,In-Store,0
713,261,Fashion,Product_261,2,202.82,405.64,2022-03-29 17:56:45,19,Credit Card,In-Store,0
714,453,Electronics,Product_453,5,482.35,2411.75,2022-03-18 07:34:28,40,PayPal,Mobile App,0
715,341,Home & Garden,Product_341,5,638.74,3193.7,2022-07-30 06:01:44,177,Credit Card,Website,1
716,235,Home & Garden,Product_235,2,275.55,551.1,2022-02-04 07:58:37,302,PayPal,Website,0
717,335,Fashion,Product_335,5,567.15,2835.75,2022-06-27 10:50:04,407,PayPal,In-Store,0
718,146,Electronics,Product_146,1,353.73,353.73,2022-07-16 01:32:00,28,Cash,In-Store,1
719,227,Home & Garden,Product_227,2,771.96,1543.92,2022-07-05 04:36:38,460,Cash,Website,0
720,437,Fashion,Product_437,2,621.33,1242.66,2022-04-06 23:57:30,45,Cash,Mobile App,1
721,257,Home & Garden,Product_257,2,297.95,595.9,2022-08-31 14:01:51,167,Credit Card,Mobile App,1
722,112,Fashion,Product_112,4,33.84,135.36,2022-08-10 23:36:31,242,Credit Card,Mobile App,0
723,218,Home & Garden,Product_218,2,532.87,1065.74,2022-04-25 18:04:04,1,Credit Card,In-Store,0
724,402,Home & Garden,Product_402,3,174.34,523.02,2022-01-06 10:08:48,138,PayPal,Mobile App,1
725,474,Electronics,Product_474,3,115.07,345.21,2022-07-03 12:59:46,23,PayPal,In-Store,0
726,388,Fashion,Product_388,1,746.79,746.79,2022-08-23 01:38:56,326,PayPal,Website,1
727,390,Fashion,Product_390,4,799.96,3199.84,2022-02-26 23:17:03,126,PayPal,Website,1
728,215,Home & Garden,Product_215,4,230.51,922.04,2022-04-04 19:03:27,408,Cash,Website,0
729,187,Electronics,Product_187,5,255.38,1276.9,2022-07-04 23:41:42,327,PayPal,Website,0
730,224,Home & Garden,Product_224,2,148.69,297.38,2022-06-20 08:21:49,343,Credit Card,In-Store,0
731,274,Home & Garden,Product_274,3,376.99,1130.97,2022-07-14 07:13:16,472,Credit Card,Website,0
732,463,Home & Garden,Product_463,4,695.36,2781.44,2022-01-31 12:23:22,322,PayPal,Website,1
733,152,Fashion,Product_152,3,567.17,1701.5099999999998,2022-02-01 07:11:42,440,Cash,Mobile App,0
734,210,Electronics,Product_210,3,680.14,2040.42,2022-08-30 22:10:41,184,Cash,In-Store,1
735,164,Home & Garden,Product_164,2,198.22,396.44,2022-06-22 17:05:15,411,Cash,Website,0
736,432,Home & Garden,Product_432,3,589.76,1769.28,2022-01-25 19:43:26,160,Cash,In-Store,0
737,474,Home & Garden,Product_474,1,736.45,736.45,2022-06-26 13:23:58,404,PayPal,In-Store,1
738,173,Fashion,Product_173,1,239.5,239.5,2022-06-10 17:50:48,446,Cash,In-Store,1
739,246,Home & Garden,Product_246,4,558.71,2234.84,2022-04-19 06:23:02,282,Cash,In-Store,0
740,360,Fashion,Product_360,4,332.51,1330.04,2022-06-03 09:38:49,489,PayPal,Mobile App,1
741,363,Fashion,Product_363,5,246.38,1231.9,2022-04-25 14:03:01,328,Credit Card,Website,0
742,231,Fashion,Product_231,3,776.31,2328.93,2022-01-26 08:44:01,12,PayPal,Website,1
743,148,Fashion,Product_148,4,291.93,1167.72,2022-05-30 17:31:18,380,Credit Card,In-Store,0
744,176,Fashion,Product_176,2,104.12,208.24,2022-06-03 10:40:11,186,PayPal,Mobile App,0
745,393,Electronics,Product_393,4,323.1,1292.4,2022-03-20 08:47:57,56,Cash,Mobile App,1
746,216,Fashion,Product_216,1,369.19,369.19,2022-07-22 12:41:20,274,Cash,Mobile App,0
747,148,Fashion,Product_148,3,606.72,1820.16,2022-01-17 06:49:01,439,Cash,In-Store,1
748,209,Home & Garden,Product_209,1,760.93,760.93,2022-07-08 15:03:41,105,Credit Card,In-Store,1
749,279,Electronics,Product_279,4,657.3,2629.2,2022-08-09 09:25:39,257,Credit Card,Website,0
750,149,Electronics,Product_149,4,746.13,2984.52,2022-01-29 10:57:11,268,PayPal,Mobile App,1
751,171,Home & Garden,Product_171,1,390.55,390.55,2022-07-03 13:39:28,37,Credit Card,Website,1
752,446,Fashion,Product_446,5,581.07,2905.3500000000004,2022-03-26 18:17:42,228,PayPal,Website,1
753,385,Electronics,Product_385,5,261.06,1305.3,2022-06-03 15:00:56,206,PayPal,Mobile App,0
754,103,Fashion,Product_103,4,74.28,297.12,2022-01-06 17:43:26,253,Credit Card,In-Store,1
755,174,Home & Garden,Product_174,5,305.07,1525.35,2022-02-15 02:56:02,265,PayPal,In-Store,0
756,184,Electronics,Product_184,1,564.37,564.37,2022-04-20 17:14:50,320,Cash,Mobile App,1
757,421,Fashion,Product_421,3,234.21,702.63,2022-08-13 23:52:10,487,Credit Card,Website,1
758,475,Electronics,Product_475,4,691.9,2767.6,2022-07-31 07:45:44,395,Cash,Mobile App,0
759,120,Electronics,Product_120,2,636.8,1273.6,2022-07-16 13:36:10,218,PayPal,Website,1
760,308,Fashion,Product_308,5,171.35,856.75,2022-08-30 08:18:25,234,Credit Card,Mobile App,0
761,142,Fashion,Product_142,5,278.05,1390.25,2022-03-05 00:54:59,10,Cash,Mobile App,1
762,128,Electronics,Product_128,2,663.74,1327.48,2022-06-17 11:09:37,119,PayPal,Mobile App,0
763,443,Home & Garden,Product_443,2,210.27,420.54,2022-08-01 11:39:01,85,Credit Card,Mobile App,0
764,280,Electronics,Product_280,1,278.65,278.65,2022-02-13 12:58:34,261,Credit Card,In-Store,1
765,404,Home & Garden,Product_404,1,287.59,287.59,2022-05-27 04:18:19,444,Cash,Mobile App,0
766,202,Electronics,Product_202,5,644.81,3224.0499999999997,2022-07-30 04:23:12,40,Cash,Website,0
767,365,Fashion,Product_365,3,48.88,146.64000000000001,2022-02-01 20:17:51,209,PayPal,Website,1
768,358,Home & Garden,Product_358,1,77.55,77.55,2022-01-02 09:37:52,467,PayPal,Website,0
769,472,Home & Garden,Product_472,1,471.19,471.19,2022-03-12 17:54:16,239,Credit Card,Mobile App,0
770,464,Electronics,Product_464,4,329.75,1319.0,2022-06-07 05:54:03,207,Credit Card,In-Store,0
771,333,Electronics,Product_333,4,513.65,2054.6,2022-05-10 12:01:52,216,PayPal,Website,0
772,445,Home & Garden,Product_445,1,227.84,227.84,2022-07-18 02:53:02,239,Cash,In-Store,1
773,480,Fashion,Product_480,3,729.47,2188.41,2022-04-25 12:12:24,309,Cash,Website,0
774,473,Home & Garden,Product_473,5,613.53,3067.6499999999996,2022-07-11 03:53:37,356,Credit Card,In-Store,0
775,200,Home & Garden,Product_200,2,72.84,145.68,2022-05-13 20:54:05,124,Credit Card,Website,1
776,190,Fashion,Product_190,1,631.45,631.45,2022-07-21 12:44:48,49,Cash,In-Store,1
777,168,Fashion,Product_168,3,776.27,2328.81,2022-06-30 09:09:32,287,PayPal,Mobile App,0
778,205,Electronics,Product_205,3,755.1,2265.3,2022-05-07 04:41:28,4,Credit Card,In-Store,1
779,110,Electronics,Product_110,3,593.68,1781.04,2022-03-31 02:18:39,11,Credit Card,Website,0
780,112,Electronics,Product_112,1,116.4,116.4,2022-01-31 05:10:24,289,Credit Card,Website,0
781,204,Fashion,Product_204,1,469.34,469.34,2022-04-29 11:51:56,150,Credit Card,Mobile App,0
782,325,Home & Garden,Product_325,3,241.7,725.0999999999999,2022-03-05 08:41:03,426,Credit Card,Website,0
783,267,Fashion,Product_267,3,776.77,2330.31,2022-07-04 02:17:32,379,Credit Card,In-Store,1
784,478,Electronics,Product_478,1,579.64,579.64,2022-01-01 07:13:02,111,Cash,Mobile App,0
785,389,Home & Garden,Product_389,5,496.4,2482.0,2022-04-06 00:59:40,354,Cash,Website,1
786,199,Electronics,Product_199,1,562.17,562.17,2022-04-08 08:16:56,147,PayPal,Website,1
787,317,Home & Garden,Product_317,4,361.62,1446.48,2022-03-27 00:30:49,226,Cash,In-Store,1
788,406,Fashion,Product_406,3,310.73,932.19,2022-07-27 21:43:15,180,Cash,In-Store,0
789,444,Electronics,Product_444,5,749.92,3749.6,2022-08-15 14:53:30,205,PayPal,In-Store,0
790,310,Fashion,Product_310,2,278.9,557.8,2022-08-02 03:11:25,192,Credit Card,In-Store,1
791,376,Fashion,Product_376,1,52.32,52.32,2022-02-21 19:09:26,53,Cash,Website,1
792,322,Fashion,Product_322,3,332.66,997.98,2022-06-26 05:33:14,451,Cash,In-Store,1
793,256,Home & Garden,Product_256,1,636.47,636.47,2022-08-01 05:44:57,346,PayPal,Mobile App,0
794,172,Fashion,Product_172,2,525.81,1051.62,2022-03-04 19:23:31,491,PayPal,Mobile App,1
795,374,Fashion,Product_374,1,770.49,770.49,2022-04-13 04:43:00,479,Cash,Website,0
796,139,Home & Garden,Product_139,5,102.84,514.2,2022-03-04 20:38:17,180,Credit Card,In-Store,0
797,334,Fashion,Product_334,2,731.01,1462.02,2022-01-31 05:03:37,349,Credit Card,Website,0
798,223,Fashion,Product_223,4,307.7,1230.8,2022-05-14 06:24:28,170,PayPal,Website,0
799,384,Fashion,Product_384,4,389.72,1558.88,2022-04-04 17:00:16,274,PayPal,Mobile App,1
800,252,Home & Garden,Product_252,3,354.22,1062.66,2022-05-18 20:30:30,399,Credit Card,In-Store,0
801,246,Home & Garden,Product_246,4,110.83,443.32,2022-06-17 01:50:38,316,Cash,Website,1
802,295,Electronics,Product_295,1,213.28,213.28,2022-03-09 19:08:57,317,Cash,Mobile App,0
803,272,Fashion,Product_272,5,598.97,2994.8500000000004,2022-04-20 23:37:32,14,PayPal,Mobile App,1
804,311,Home & Garden,Product_311,4,37.95,151.8,2022-02-16 20:29:27,98,Cash,Website,0
805,401,Fashion,Product_401,3,124.43,373.29,2022-08-09 10:27:57,279,Credit Card,In-Store,1
806,410,Home & Garden,Product_410,1,39.66,39.66,2022-07-14 18:33:07,245,Cash,In-Store,1
807,100,Home & Garden,Product_100,3,688.76,2066.2799999999997,2022-08-23 05:09:54,446,PayPal,Website,1
808,238,Home & Garden,Product_238,3,501.51,1504.53,2022-08-19 13:20:29,345,PayPal,Mobile App,1
809,295,Electronics,Product_295,5,152.54,762.6999999999999,2022-02-06 08:37:19,415,PayPal,In-Store,0
810,490,Fashion,Product_490,5,619.64,3098.2,2022-07-29 21:08:51,395,Cash,Website,1
811,319,Home & Garden,Product_319,3,774.1,2322.3,2022-05-04 02:14:50,132,Credit Card,In-Store,0
812,455,Fashion,Product_455,3,748.96,2246.88,2022-07-09 03:01:09,160,Cash,Website,0
813,262,Home & Garden,Product_262,4,738.81,2955.24,2022-06-22 20:55:07,498,Cash,In-Store,1
814,150,Fashion,Product_150,4,26.09,104.36,2022-08-27 10:51:27,33,PayPal,Mobile App,1
815,342,Fashion,Product_342,2,479.43,958.86,2022-03-16 19:34:30,398,Cash,Website,1
816,458,Home & Garden,Product_458,5,220.17,1100.85,2022-05-09 09:38:37,178,Cash,Website,0
817,120,Fashion,Product_120,4,460.42,1841.68,2022-04-18 15:19:33,40,PayPal,Website,1
818,271,Electronics,Product_271,3,268.06,804.1800000000001,2022-02-17 16:51:08,385,PayPal,Website,1
819,218,Electronics,Product_218,4,139.86,559.44,2022-02-20 07:03:50,239,Credit Card,In-Store,1
820,228,Fashion,Product_228,2,366.71,733.42,2022-08-24 21:35:22,25,Cash,Website,0
821,465,Fashion,Product_465,4,406.18,1624.72,2022-02-04 05:25:49,341,Credit Card,Mobile App,1
822,205,Home & Garden,Product_205,3,792.02,2376.06,2022-05-01 09:29:52,44,PayPal,In-Store,0
823,294,Home & Garden,Product_294,4,53.06,212.24,2022-06-19 08:13:14,362,Cash,In-Store,0
824,325,Fashion,Product_325,4,254.9,1019.6,2022-06-25 10:35:04,219,Credit Card,Website,1
825,240,Fashion,Product_240,5,684.48,3422.4,2022-08-31 09:08:07,220,Cash,Mobile App,1
826,371,Fashion,Product_371,5,534.56,2672.7999999999997,2022-04-09 17:13:31,472,Cash,Mobile App,0
827,218,Fashion,Product_218,2,664.81,1329.62,2022-04-15 10:49:47,91,PayPal,In-Store,1
828,133,Electronics,Product_133,2,535.03,1070.06,2022-07-31 21:20:46,458,Cash,Website,1
829,251,Fashion,Product_251,4,612.44,2449.76,2022-06-21 09:24:13,354,Credit Card,In-Store,0
830,496,Home & Garden,Product_496,5,404.48,2022.4,2022-08-27 12:50:34,347,PayPal,Website,0
831,489,Electronics,Product_489,5,179.8,899.0,2022-02-24 07:25:36,426,Cash,Mobile App,1
832,138,Fashion,Product_138,4,651.8,2607.2,2022-05-08 21:51:00,496,Credit Card,Website,0
833,357,Home & Garden,Product_357,5,462.9,2314.5,2022-08-24 19:33:42,160,Cash,Website,1
834,366,Electronics,Product_366,1,128.81,128.81,2022-08-31 04:25:54,41,Cash,Website,0
835,106,Fashion,Product_106,3,647.82,1943.46,2022-08-15 02:31:32,224,Credit Card,In-Store,0
836,481,Fashion,Product_481,1,767.7,767.7,2022-07-29 01:21:01,265,Credit Card,In-Store,1
837,362,Fashion,Product_362,1,290.01,290.01,2022-06-03 05:04:39,434,PayPal,In-Store,1
838,202,Fashion,Product_202,1,248.94,248.94,2022-06-17 00:47:15,165,PayPal,In-Store,0
839,431,Electronics,Product_431,5,83.78,418.9,2022-01-25 04:39:35,338,Cash,In-Store,1
840,470,Home & Garden,Product_470,4,538.3,2153.2,2022-04-19 17:35:44,351,PayPal,Mobile App,1
841,441,Fashion,Product_441,2,767.99,1535.98,2022-04-26 23:23:33,386,Cash,Mobile App,0
842,482,Electronics,Product_482,3,126.07,378.21,2022-07-21 14:04:08,187,PayPal,Website,0
843,470,Electronics,Product_470,3,398.42,1195.26,2022-01-04 18:06:49,286,Cash,Mobile App,0
844,278,Home & Garden,Product_278,1,96.63,96.63,2022-02-26 20:02:20,246,PayPal,In-Store,1
845,407,Electronics,Product_407,2,46.61,93.22,2022-07-14 07:19:12,209,PayPal,Website,0
846,358,Electronics,Product_358,4,538.31,2153.24,2022-02-02 00:03:27,85,Cash,Mobile App,1
847,432,Home & Garden,Product_432,2,696.8,1393.6,2022-01-27 03:30:57,137,Credit Card,Website,1
848,257,Electronics,Product_257,2,283.31,566.62,2022-06-17 01:56:03,120,PayPal,In-Store,1
849,109,Electronics,Product_109,3,703.1,2109.3,2022-06-25 05:42:28,293,Cash,In-Store,0
850,215,Home & Garden,Product_215,5,111.3,556.5,2022-02-16 08:28:29,350,Cash,Mobile App,0
851,489,Electronics,Product_489,1,205.61,205.61,2022-06-30 09:25:42,188,Cash,In-Store,1
852,216,Home & Garden,Product_216,5,723.25,3616.25,2022-03-09 20:05:50,236,Credit Card,Website,0
853,281,Fashion,Product_281,3,416.64,1249.92,2022-07-16 22:11:09,109,Credit Card,Website,0
854,335,Fashion,Product_335,2,494.39,988.78,2022-01-24 19:20:23,272,PayPal,Website,0
855,293,Fashion,Product_293,1,49.65,49.65,2022-03-11 02:16:35,14,Cash,Mobile App,0
856,399,Fashion,Product_399,4,120.14,480.56,2022-05-06 17:00:44,154,Credit Card,Website,0
857,179,Electronics,Product_179,4,63.52,254.08,2022-02-13 22:24:35,255,Credit Card,Website,0
858,162,Fashion,Product_162,2,725.9,1451.8,2022-05-18 00:10:59,230,Credit Card,In-Store,0
859,432,Home & Garden,Product_432,5,125.14,625.7,2022-01-26 04:36:50,209,Credit Card,Mobile App,1
860,147,Home & Garden,Product_147,5,682.74,3413.7,2022-06-03 19:59:13,307,Cash,Mobile App,0
861,176,Home & Garden,Product_176,1,293.81,293.81,2022-02-20 21:28:12,396,PayPal,Mobile App,0
862,249,Home & Garden,Product_249,3,644.47,1933.41,2022-01-17 01:12:35,303,Credit Card,Mobile App,0
863,220,Fashion,Product_220,5,304.73,1523.65,2022-04-26 17:13:32,131,PayPal,In-Store,0
864,374,Home & Garden,Product_374,4,228.79,915.16,2022-01-26 09:17:53,162,Credit Card,Mobile App,0
865,445,Fashion,Product_445,4,93.06,372.24,2022-07-02 10:38:07,477,Credit Card,Mobile App,1
866,113,Home & Garden,Product_113,4,238.95,955.8,2022-03-14 00:23:20,91,PayPal,Website,0
867,322,Home & Garden,Product_322,5,387.75,1938.75,2022-06-12 00:26:28,170,PayPal,Mobile App,1
868,192,Fashion,Product_192,2,657.66,1315.32,2022-02-20 06:52:06,258,Cash,Mobile App,0
869,336,Fashion,Product_336,5,372.96,1864.8,2022-08-12 18:52:58,411,Cash,In-Store,1
870,205,Electronics,Product_205,5,777.72,3888.6000000000004,2022-08-01 00:26:20,457,Cash,Mobile App,1
871,313,Electronics,Product_313,1,442.47,442.47,2022-08-30 16:59:56,340,Cash,Mobile App,0
872,106,Electronics,Product_106,3,39.46,118.38,2022-08-27 07:19:31,412,PayPal,In-Store,0
873,200,Home & Garden,Product_200,5,343.99,1719.95,2022-05-22 09:12:54,250,PayPal,In-Store,0
874,148,Home & Garden,Product_148,5,557.34,2786.7000000000003,2022-02-03 00:04:28,100,Credit Card,Mobile App,1
875,140,Home & Garden,Product_140,3,202.75,608.25,2022-03-22 15:15:37,151,PayPal,In-Store,0
876,258,Electronics,Product_258,4,564.93,2259.72,2022-03-02 10:24:26,218,Credit Card,Mobile App,0
877,489,Electronics,Product_489,3,412.88,1238.6399999999999,2022-07-29 21:59:19,217,Cash,Website,1
878,243,Electronics,Product_243,5,40.08,200.39999999999998,2022-08-23 20:28:22,365,Credit Card,In-Store,1
879,137,Home & Garden,Product_137,2,624.0,1248.0,2022-03-29 04:59:07,341,Cash,In-Store,1
880,159,Fashion,Product_159,1,457.09,457.09,2022-03-27 14:41:44,421,Credit Card,In-Store,0
881,213,Electronics,Product_213,1,84.34,84.34,2022-04-25 13:38:29,246,Cash,Mobile App,1
882,195,Fashion,Product_195,3,390.67,1172.01,2022-01-10 06:09:25,409,PayPal,Website,0
883,452,Home & Garden,Product_452,3,244.09,732.27,2022-07-18 04:53:26,31,Cash,Website,1
884,308,Electronics,Product_308,4,706.15,2824.6,2022-01-07 06:29:32,141,Cash,Mobile App,1
885,388,Home & Garden,Product_388,1,242.24,242.24,2022-01-26 10:35:51,309,Credit Card,In-Store,1
886,162,Fashion,Product_162,3,754.52,2263.56,2022-05-13 04:26:43,248,PayPal,Website,0
887,494,Home & Garden,Product_494,5,445.98,2229.9,2022-07-21 22:22:19,235,Credit Card,Website,1
888,496,Home & Garden,Product_496,5,272.42,1362.1000000000001,2022-07-03 03:52:17,57,PayPal,Mobile App,0
889,193,Electronics,Product_193,2,654.57,1309.14,2022-05-16 04:47:45,221,PayPal,In-Store,1
890,420,Fashion,Product_420,2,563.97,1127.94,2022-02-28 19:30:32,243,Cash,In-Store,1
891,446,Electronics,Product_446,3,342.89,1028.67,2022-01-13 21:31:29,69,Cash,Website,1
892,250,Home & Garden,Product_250,4,511.1,2044.4,2022-04-11 18:20:28,450,Cash,In-Store,1
893,489,Home & Garden,Product_489,4,627.3,2509.2,2022-06-12 06:37:24,70,Credit Card,Mobile App,1
894,392,Fashion,Product_392,4,684.22,2736.88,2022-01-02 15:58:00,173,Credit Card,Mobile App,1
895,183,Home & Garden,Product_183,4,656.8,2627.2,2022-05-27 04:09:45,342,PayPal,Website,1
896,227,Electronics,Product_227,1,149.54,149.54,2022-02-01 02:30:59,251,Credit Card,Mobile App,1
897,361,Fashion,Product_361,4,666.14,2664.56,2022-07-07 03:29:05,114,Cash,Website,1
898,448,Home & Garden,Product_448,2,65.73,131.46,2022-08-04 11:57:26,409,Credit Card,In-Store,1
899,254,Electronics,Product_254,2,176.13,352.26,2022-03-17 16:17:24,137,Credit Card,Website,0
900,341,Electronics,Product_341,1,505.88,505.88,2022-05-10 04:10:21,249,PayPal,Mobile App,0
901,183,Fashion,Product_183,3,109.46,328.38,2022-05-10 08:56:57,493,Cash,Website,1
902,496,Home & Garden,Product_496,5,490.61,2453.05,2022-04-12 00:12:09,123,Credit Card,In-Store,0
903,235,Electronics,Product_235,2,260.21,520.42,2022-05-04 17:52:05,369,Credit Card,Mobile App,0
904,280,Fashion,Product_280,2,354.98,709.96,2022-02-01 17:49:52,379,PayPal,In-Store,1
905,180,Electronics,Product_180,1,265.82,265.82,2022-04-02 08:29:50,415,PayPal,Website,1
906,100,Home & Garden,Product_100,2,74.74,149.48,2022-05-05 03:52:07,289,PayPal,Website,1
907,315,Electronics,Product_315,5,410.59,2052.95,2022-01-19 01:11:34,342,Cash,Mobile App,0
908,307,Home & Garden,Product_307,1,771.61,771.61,2022-02-02 00:10:15,452,PayPal,In-Store,1
909,430,Electronics,Product_430,4,497.19,1988.76,2022-02-16 22:02:26,186,Credit Card,In-Store,0
910,352,Home & Garden,Product_352,4,254.02,1016.08,2022-02-10 08:23:45,374,Credit Card,Website,1
911,231,Electronics,Product_231,4,765.8,3063.2,2022-05-13 04:07:45,341,Cash,Mobile App,0
912,161,Electronics,Product_161,5,323.61,1618.0500000000002,2022-04-27 13:06:38,338,PayPal,In-Store,1
913,423,Fashion,Product_423,3,564.06,1692.1799999999998,2022-01-04 15:53:22,127,Cash,Website,0
914,244,Home & Garden,Product_244,2,514.61,1029.22,2022-02-01 03:44:12,146,Cash,Website,0
915,468,Electronics,Product_468,5,763.27,3816.35,2022-01-04 14:26:25,332,Cash,Website,1
916,184,Fashion,Product_184,3,733.39,2200.17,2022-05-02 01:29:34,403,Cash,In-Store,1
917,216,Electronics,Product_216,1,135.44,135.44,2022-03-17 20:50:07,378,PayPal,In-Store,1
918,329,Fashion,Product_329,5,86.83,434.15,2022-03-15 04:24:35,164,Cash,Website,1
919,355,Electronics,Product_355,1,651.52,651.52,2022-02-28 03:37:29,315,Cash,Website,0
920,412,Fashion,Product_412,3,725.86,2177.58,2022-07-24 19:11:08,86,Cash,In-Store,0
921,418,Home & Garden,Product_418,5,404.52,2022.6,2022-03-14 23:38:29,494,Credit Card,Mobile App,1
922,148,Electronics,Product_148,2,558.79,1117.58,2022-03-12 15:04:15,300,PayPal,Mobile App,0
923,245,Home & Garden,Product_245,3,74.43,223.29000000000002,2022-03-04 22:01:09,448,Cash,In-Store,1
924,473,Home & Garden,Product_473,2,191.45,382.9,2022-07-03 09:58:31,355,Credit Card,In-Store,1
925,109,Fashion,Product_109,1,136.51,136.51,2022-06-27 03:56:30,372,PayPal,Website,1
926,290,Home & Garden,Product_290,2,488.91,977.82,2022-05-16 15:13:21,98,Cash,Mobile App,0
927,179,Fashion,Product_179,5,174.08,870.4000000000001,2022-01-16 16:28:02,458,PayPal,Website,0
928,330,Fashion,Product_330,5,66.68,333.40000000000003,2022-03-29 15:21:46,156,PayPal,In-Store,1
929,306,Fashion,Product_306,4,255.72,1022.88,2022-01-23 00:55:37,472,PayPal,Website,1
930,488,Fashion,Product_488,2,548.23,1096.46,2022-03-16 15:28:04,448,Cash,Mobile App,0
931,328,Fashion,Product_328,4,470.73,1882.92,2022-04-15 13:02:32,490,Cash,Website,0
932,427,Electronics,Product_427,3,277.97,833.9100000000001,2022-02-21 18:29:06,52,PayPal,Website,1
933,418,Electronics,Product_418,1,670.11,670.11,2022-08-16 18:23:13,60,Credit Card,Website,1
934,379,Home & Garden,Product_379,3,235.49,706.47,2022-02-25 00:02:04,165,PayPal,In-Store,0
935,447,Electronics,Product_447,1,223.23,223.23,2022-08-07 01:22:56,177,Cash,Mobile App,0
936,466,Fashion,Product_466,2,456.76,913.52,2022-06-21 05:48:42,226,Cash,Mobile App,0
937,107,Fashion,Product_107,5,393.01,1965.05,2022-05-01 14:14:47,396,Cash,Website,1
938,378,Electronics,Product_378,2,367.86,735.72,2022-03-17 23:20:02,238,Cash,Mobile App,0
939,454,Home & Garden,Product_454,1,141.51,141.51,2022-05-15 20:58:03,73,PayPal,In-Store,1
940,258,Home & Garden,Product_258,4,413.62,1654.48,2022-03-20 06:04:50,236,Credit Card,Website,0
941,346,Electronics,Product_346,1,222.03,222.03,2022-07-30 21:32:29,495,PayPal,In-Store,1
942,180,Fashion,Product_180,4,325.9,1303.6,2022-06-17 06:02:25,350,Cash,Website,0
943,255,Fashion,Product_255,3,592.18,1776.54,2022-01-11 15:04:57,418,PayPal,Website,1
944,147,Home & Garden,Product_147,5,750.75,3753.75,2022-01-02 02:32:38,176,Credit Card,In-Store,0
945,214,Electronics,Product_214,3,623.61,1870.83,2022-04-17 07:30:18,143,Credit Card,Website,0
946,111,Fashion,Product_111,2,336.39,672.78,2022-03-20 07:45:23,479,PayPal,In-Store,1
947,434,Home & Garden,Product_434,4,482.57,1930.28,2022-08-10 07:41:33,367,Credit Card,Website,0
948,386,Home & Garden,Product_386,4,602.27,2409.08,2022-06-21 19:49:35,160,PayPal,In-Store,0
949,190,Electronics,Product_190,3,343.09,1029.27,2022-04-17 21:08:36,216,PayPal,Mobile App,1
950,390,Home & Garden,Product_390,5,300.99,1504.95,2022-02-22 02:15:17,320,Credit Card,Mobile App,1
951,154,Fashion,Product_154,5,125.49,627.4499999999999,2022-06-09 12:36:31,172,Cash,Website,0
952,437,Home & Garden,Product_437,3,594.28,1782.84,2022-08-04 11:08:19,22,PayPal,Mobile App,1
953,263,Home & Garden,Product_263,5,674.04,3370.2,2022-07-27 14:48:39,387,Credit Card,In-Store,0
954,171,Home & Garden,Product_171,2,266.94,533.88,2022-02-12 23:38:16,155,PayPal,In-Store,1
955,465,Electronics,Product_465,1,631.14,631.14,2022-04-25 14:14:20,229,Credit Card,In-Store,0
956,415,Fashion,Product_415,4,495.97,1983.88,2022-03-01 12:56:17,495,Credit Card,In-Store,1
957,212,Home & Garden,Product_212,4,631.58,2526.32,2022-03-04 21:48:12,10,PayPal,Website,1
958,168,Electronics,Product_168,4,340.84,1363.36,2022-01-15 04:18:52,386,PayPal,In-Store,0
959,113,Home & Garden,Product_113,1,603.11,603.11,2022-02-07 01:36:46,441,PayPal,Website,0
960,201,Fashion,Product_201,2,338.64,677.28,2022-04-11 13:53:40,324,Cash,Mobile App,1
961,375,Home & Garden,Product_375,3,89.23,267.69,2022-06-01 17:11:51,338,Cash,Mobile App,1
962,463,Electronics,Product_463,5,449.45,2247.25,2022-07-01 19:41:16,258,PayPal,Mobile App,1
963,364,Home & Garden,Product_364,5,374.38,1871.9,2022-01-26 06:01:50,113,Credit Card,Mobile App,0
964,452,Home & Garden,Product_452,1,217.25,217.25,2022-07-25 19:59:16,287,PayPal,In-Store,0
965,309,Home & Garden,Product_309,4,715.85,2863.4,2022-03-31 14:58:44,35,Credit Card,In-Store,0
966,297,Electronics,Product_297,5,318.63,1593.15,2022-06-29 01:31:57,482,Credit Card,Website,0
967,480,Home & Garden,Product_480,3,50.52,151.56,2022-05-31 21:54:29,432,PayPal,In-Store,1
968,200,Home & Garden,Product_200,5,318.07,1590.35,2022-01-26 00:50:03,433,PayPal,Mobile App,0
969,485,Electronics,Product_485,4,351.12,1404.48,2022-05-09 05:32:16,11,PayPal,Website,0
970,353,Electronics,Product_353,3,692.08,2076.2400000000002,2022-07-10 13:22:40,250,PayPal,Mobile App,1
971,257,Fashion,Product_257,4,643.36,2573.44,2022-08-16 13:20:30,135,Cash,In-Store,0
972,489,Electronics,Product_489,4,175.97,703.88,2022-04-21 18:17:45,6,PayPal,Website,1
973,330,Home & Garden,Product_330,1,674.44,674.44,2022-02-06 04:49:01,299,PayPal,Website,0
974,250,Home & Garden,Product_250,4,213.38,853.52,2022-08-27 23:30:36,199,Credit Card,In-Store,1
975,130,Electronics,Product_130,3,286.71,860.1299999999999,2022-05-27 00:03:55,106,Cash,Website,1
976,355,Fashion,Product_355,1,79.92,79.92,2022-06-23 11:55:03,167,Credit Card,Website,1
977,119,Electronics,Product_119,1,63.18,63.18,2022-03-22 05:30:04,6,Credit Card,Website,1
978,360,Fashion,Product_360,3,551.07,1653.21,2022-06-04 15:24:40,317,Credit Card,In-Store,0
979,248,Electronics,Product_248,1,740.21,740.21,2022-01-14 15:29:06,159,PayPal,In-Store,1
980,462,Fashion,Product_462,3,404.55,1213.65,2022-08-24 07:00:36,60,Cash,Mobile App,1
981,174,Fashion,Product_174,5,678.39,3391.95,2022-04-23 15:44:22,9,Credit Card,Website,0
982,223,Home & Garden,Product_223,1,639.13,639.13,2022-08-11 08:54:56,192,Credit Card,Website,1
983,314,Fashion,Product_314,5,538.45,2692.25,2022-07-13 01:40:37,210,Cash,Website,1
984,416,Home & Garden,Product_416,1,783.02,783.02,2022-03-10 02:00:52,376,Credit Card,Mobile App,0
985,329,Electronics,Product_329,4,645.71,2582.84,2022-04-26 17:33:13,87,PayPal,Mobile App,0
986,350,Electronics,Product_350,3,234.38,703.14,2022-04-09 02:27:49,132,Credit Card,Mobile App,1
987,193,Electronics,Product_193,4,635.43,2541.72,2022-08-14 09:13:55,272,PayPal,Mobile App,1
988,269,Electronics,Product_269,5,560.28,2801.3999999999996,2022-01-28 01:13:27,103,Cash,Mobile App,0
989,140,Electronics,Product_140,3,331.63,994.89,2022-06-07 09:51:09,367,PayPal,Website,1
990,288,Home & Garden,Product_288,3,79.9,239.70000000000002,2022-08-31 02:27:56,351,Cash,Mobile App,1
991,309,Electronics,Product_309,5,187.2,936.0,2022-02-12 01:35:23,7,Cash,Website,1
992,279,Fashion,Product_279,3,641.85,1925.5500000000002,2022-05-24 21:54:11,94,PayPal,Mobile App,0
993,396,Home & Garden,Product_396,3,213.82,641.46,2022-07-13 15:05:29,23,Credit Card,Mobile App,0
994,159,Fashion,Product_159,1,798.33,798.33,2022-03-14 04:52:49,11,Credit Card,In-Store,1
995,129,Home & Garden,Product_129,2,561.31,1122.62,2022-06-22 12:01:33,157,Credit Card,In-Store,1
996,325,Fashion,Product_325,4,392.23,1568.92,2022-07-20 03:25:54,392,Credit Card,Website,1
997,194,Home & Garden,Product_194,2,464.94,929.88,2022-01-21 08:58:14,348,Credit Card,Website,1
998,338,Electronics,Product_338,3,496.48,1489.44,2022-07-08 22:06:09,497,PayPal,In-Store,0
999,265,Home & Garden,Product_265,2,775.78,1551.56,2022-05-18 21:23:25,84,Cash,Website,1
1000,482,Home & Garden,Product_482,1,146.16,146.16,2022-05-27 07:06:17,3,Credit Card,Website,1
